temple_id,name,category,city,area,state,country,deity,description,aarti_timings,timings,guidance,latitude,longitude,contact,youtube_url,images,is_verified
jyotirling-somnath-temple-gujarat,Somnath Temple – Gujarat,Jyotirlinga,Prabhas Patan,,Gujarat,India,Lord Shiva,"Somnath Temple is the first among the twelve sacred Jyotirling shrines of Lord Shiva, located at Prabhas Patan on the Gujarat coast. Revered for its deep spiritual significance and long history of restoration, Somnath remains a premier pilgrimage destination where devotees gather for daily darshan, aarti, and traditional rituals.","{""Mangala Aarti"": ""7:00 AM"", ""Madhyan Aarti"": ""12:00 PM"", ""Sandhya Aarti"": ""7:00 PM""}","{""Darshan"": ""6:00 AM - 9:00 PM""}","To reach Somnath Temple, travel to Veraval railway station (7 km) or Diu airport (80 km), then continue by taxi or local transport. Visit during early morning or evening aarti for a smoother experience.",20.888,70.4012,02876 231 200,https://www.youtube.com/embed/live_stream?channel=UCXhail7h5FDRbHprlR56nIw,[],True
jyotirling-mallikarjuna-temple-srisailam,Mallikarjuna Temple – Srisailam,Jyotirlinga,Srisailam,,Andhra Pradesh,India,Lord Shiva,"Mallikarjuna Jyotirling at Srisailam in Andhra Pradesh is a sacred site revered both as a Jyotirlinga and a Shakti Peetha (Bhramaramba Devi). Set in the Nallamala hills along the Krishna River, it is one of the holiest shrines in South India.","{""Suprabhata Seva"": ""4:30 AM"", ""Maha Mangala Aarti"": ""12:00 PM"", ""Ratri Aarti"": ""8:30 PM""}","{""Darshan"": ""4:30 AM - 3:30 PM, 6:00 PM - 10:00 PM""}",Reach Hyderabad or Kurnool and take a scenic road journey to Srisailam through the forest reserve. Book accommodation in advance during Mahashivratri and Shravan month.,16.0728,78.8686,+91-8524-288888,https://www.youtube.com/watch?v=nIWRUyfS5PA,[],True
jyotirling-mahakaleshwar-temple-ujjain,Mahakaleshwar Temple – Ujjain,Jyotirlinga,Ujjain,,Madhya Pradesh,India,Lord Shiva,"Mahakaleshwar Jyotirling in Ujjain is famous for its Dakshinmukhi (south-facing) idol and the world-renowned daily morning Bhasma Aarti. Situated on the banks of the holy Kshipra River, Ujjain is a key Kumbh Mela host city.","{""Bhasma Aarti"": ""4:00 AM"", ""Madhyahna Aarti"": ""10:30 AM"", ""Sandhya Aarti"": ""6:00 PM""}","{""Darshan"": ""4:00 AM - 11:00 PM""}",Reach Ujjain Junction railway station or Indore Airport (55 km). Advance online booking is strictly required for inner-sanctum Bhasma Aarti attendance.,23.1828,75.7682,0734 255 0563,https://www.youtube.com/embed/live_stream?channel=UCQE_hlxeDSuw4YpuAkDmrMg,[],True
jyotirling-omkareshwar-temple-madhya-pradesh,Omkareshwar Temple – Madhya Pradesh,Jyotirlinga,Khandwa,,Madhya Pradesh,India,Lord Shiva,"Omkareshwar Jyotirling is located on Mandhata Island in the Narmada River, naturally shaped like the sacred symbol 'OM'. Devotees cross the Narmada via bridges or boats to seek blessings of Lord Omkareshwar and Mamleshwar.","{""Mangala Aarti"": ""5:00 AM"", ""Madhyan Bhog"": ""12:20 PM"", ""Sandhya Aarti"": ""8:00 PM""}","{""Darshan"": ""5:00 AM - 9:30 PM""}",Reach Indore (80 km) or Khandwa (70 km) by rail/road. Complete both Omkareshwar and Mamleshwar temple visits to fulfill the traditional island pilgrimage.,22.2456,76.151,+91-7323-271227,https://shriomkareshwar.org/LiveDarshan.aspx,[],True
jyotirling-kedarnath-temple-uttarakhand,Kedarnath Temple – Uttarakhand,Jyotirlinga,Rudraprayag,,Uttarakhand,India,Lord Shiva,"Kedarnath Temple, situated near the Mandakini River at an altitude of 3,583 meters in the Garhwal Himalayas, is one of the holiest Shiva shrines and part of the Chota Char Dham yatra.","{""Morning Aarti"": ""6:00 AM"", ""Shiv Sahasranama Puja"": ""6:00 PM"", ""Evening Aarti"": ""7:30 PM""}","{""Darshan"": ""6:00 AM - 3:00 PM, 5:00 PM - 8:00 PM""}","Reach Gaurikund via Rishikesh/Haridwar, then complete the 16 km mountain trek to Kedarnath. Biometric Yatra registration is mandatory for all pilgrims.",30.7352,79.0669,+91-135-2746847,https://www.youtube.com/embed/live_stream?channel=UC7Uo3euG3IA0yBlQyIXDcUA,[],True
jyotirling-bhimashankar-temple-maharashtra,Bhimashankar Temple – Maharashtra,Jyotirlinga,Pune district,,Maharashtra,India,Lord Shiva,Bhimashankar Jyotirling is located in the dense Sahyadri forest range near Pune. It is the origin of the Bhima River and is built in ancient Nagara-style architecture amidst lush wildlife sanctuary flora.,"{""Kakada Aarti"": ""4:30 AM"", ""Madhyan Aarti"": ""12:00 PM"", ""Shej Aarti"": ""9:30 PM""}","{""Darshan"": ""4:30 AM - 9:30 PM""}",Accessible by direct MSRTC state buses or taxis from Pune (110 km) and Mumbai (210 km). Monsoon season brings heavy rain and breathtaking natural scenery.,19.0714,73.553,+91-2135-243333,https://www.youtube.com/live/O5ohAPCGsho,[],True
jyotirling-kashi-vishwanath-temple-varanasi,Kashi Vishwanath Temple – Varanasi,Jyotirlinga,Varanasi,,Uttar Pradesh,India,Lord Shiva,"Kashi Vishwanath Jyotirling in Varanasi (Kashi) stands on the western bank of the sacred Ganges. Revered as the spiritual capital of India, the recently constructed Vishwanath Corridor directly connects the temple with Ganga Ghats.","{""Mangala Aarti"": ""3:00 AM"", ""Bhog Aarti"": ""11:15 AM"", ""Sapt Rishi Aarti"": ""7:00 PM""}","{""Darshan"": ""4:00 AM - 11:00 PM""}",Reach Varanasi Junction railway station or Babatpur Airport. Carry valid photo ID for quick entry through the Kashi Vishwanath Corridor security gates.,25.3109,83.0107,0542 239 2629,https://www.youtube.com/embed/live_stream?channel=UCijUmzuXOxyLWv0APau_5xw,[],True
jyotirling-trimbakeshwar-temple-nashik,Trimbakeshwar Temple – Nashik,Jyotirlinga,Nashik,,Maharashtra,India,Lord Shiva,"Trimbakeshwar Jyotirling near Nashik is unique because its lingam features three faces representing Brahma, Vishnu, and Mahesh. It marks the holy source of the Godavari River at Brahmagiri hill.","{""Mangala Aarti"": ""5:30 AM"", ""Madhyan Aarti"": ""1:00 PM"", ""Sandhya Aarti"": ""7:00 PM""}","{""Darshan"": ""5:30 AM - 9:00 PM""}",Reach Nashik Road station (38 km) and take city buses or taxis to Trimbak town. Special pujas like Kalsarpa Shanti require pre-registration with registered temple pandits.,19.9419,73.5298,02594 220 555,https://www.trimbakeshwartrust.com,[],True
jyotirling-baidyanath-temple-deoghar,Baidyanath Temple – Deoghar,Jyotirlinga,Deoghar,,Jharkhand,India,Lord Shiva,Baidyanath Dham in Deoghar (Baba Dham) is revered as the divine healer Lord Shiva's home. Millions of Kanwariyas trek from Sultanganj carrying sacred Ganga water during the holy month of Shravan.,"{""Mangala Aarti"": ""4:00 AM"", ""Bhog Aarti"": ""1:00 PM"", ""Sandhya Aarti"": ""6:30 PM""}","{""Darshan"": ""4:00 AM - 3:30 PM, 6:00 PM - 9:00 PM""}",Deoghar is well connected by Jasidih Junction railway station (8 km) and Deoghar Airport. Ensure advance queue pass booking during Shravan Mela.,24.4844,86.6994,+91-6432-232295,https://www.youtube.com/embed/live_stream?channel=UCXKgkQYWYVFM6HpCkmuOFFw,[],True
jyotirling-nageshwar-temple-dwarka,Nageshwar Temple – Dwarka,Jyotirlinga,Dwarka,,Gujarat,India,Lord Shiva,Nageshwar Jyotirling is located between Dwarka city and Beyt Dwarka island. The shrine features a famous giant 85-foot statue of Lord Shiva sitting in majestic meditation posture.,"{""Mangala Aarti"": ""5:00 AM"", ""Madhyan Aarti"": ""12:00 PM"", ""Sandhya Aarti"": ""7:00 PM""}","{""Darshan"": ""5:00 AM - 9:00 PM""}",Located 16 km from Dwarka railway station along the highway to Beyt Dwarka. Combine your visit with Dwarkadhish Mandir and Beyt Dwarka for a full coastal pilgrimage.,22.4707,69.086,+91-2892-234080,https://livedarshanhub.com/temple/nageshwar-jyotirlinga-temple/,[],True
jyotirling-ramanathaswamy-temple-rameswaram,Ramanathaswamy Temple – Rameswaram,Jyotirlinga,Rameswaram,,Tamil Nadu,India,Lord Shiva,"Ramanathaswamy Temple on Rameswaram Island in Tamil Nadu is part of both the 12 Jyotirlingas and the Bada Char Dham. It boasts the longest corridor of any Hindu temple in the world with over 1,200 stone pillars.","{""Spatika Linga Darshan"": ""5:00 AM"", ""Kala Santhi Puja"": ""10:00 AM"", ""Ardha Jama Puja"": ""8:30 PM""}","{""Darshan"": ""5:00 AM - 1:00 PM, 3:00 PM - 9:00 PM""}",Reach Rameswaram station or Madurai Airport (170 km). Pilgrims traditionally bathe in the 22 holy wells (Teerthams) inside temple premises prior to main lingam darshan.,9.2881,79.3174,04573 221 223,,[],True
jyotirling-grishneshwar-temple-ellora,Grishneshwar Temple – Ellora,Jyotirlinga,Ellora,,Maharashtra,India,Lord Shiva,"Grishneshwar (Ghrushneshwar) Jyotirling near Chhatrapati Sambhaji Nagar (Aurangabad) is the 12th Jyotirlinga shrine. Rebuilt by Ahilyabai Holkar in red rock, it stands adjacent to the UNESCO World Heritage Ellora Caves.","{""Mangala Aarti"": ""5:30 AM"", ""Madhyan Aarti"": ""12:00 PM"", ""Sandhya Aarti"": ""7:30 PM""}","{""Darshan"": ""5:30 AM - 9:30 PM""}",Located 30 km from Chhatrapati Sambhaji Nagar railway station/airport. Traditional dress code is strictly observed for men entering the inner sanctum.,20.0258,75.178,+91-2437-244222,https://www.youtube.com/embed?listType=playlist&list=UUtiORDMKgWrRdmNnqreCEEg,[],True
chardham-badrinath-temple-uttarakhand,Badrinath Temple – Uttarakhand,Char Dham,Badrinath,,Uttarakhand,India,Lord Vishnu,"Badrinath Temple in Chamoli district sits along the Alaknanda River between Nar and Narayana mountain ranges. Dedicated to Lord Badrinarayana (Vishnu), it is the prime seat of Adi Shankaracharya's Char Dham circuit.","{""Maha Aarti"": ""6:00 AM"", ""Kapoor Aarti"": ""6:30 PM"", ""Shayan Aarti"": ""9:00 PM""}","{""Darshan"": ""4:30 AM - 1:00 PM, 4:00 PM - 9:00 PM""}",Travel by road from Haridwar/Rishikesh via Joshimath. The temple opens annually from April/May to November depending on astrological dates.,30.7433,79.4938,+91-135-2746847,,[],True
chardham-dwarkadhish-temple-dwarka,Dwarkadhish Temple – Dwarka,Char Dham,Dwarka,,Gujarat,India,Lord Krishna,"Shri Dwarkadhish Temple (Jagat Mandir) in Dwarka, Gujarat, is dedicated to Lord Krishna as the King of Dwarka. Situated at the confluence of Gomti River and Arabian Sea, its 52-yard flag changes five times daily.","{""Mangla Aarti"": ""6:30 AM"", ""Shringar Aarti"": ""10:30 AM"", ""Sandhya Aarti"": ""7:30 PM"", ""Shayan Aarti"": ""8:30 PM""}","{""Darshan"": ""6:00 AM - 1:00 PM, 5:00 PM - 9:30 PM""}",Easily accessible via Dwarka Railway Station. Early morning Mangla Aarti and evening Gomti Ghat aarti offer deep spiritual experiences.,22.2378,68.9678,+91-2892-234080,https://www.youtube.com/@shridwarkadhishmandirofficial,[],True
chardham-jagannath-temple-puri,Jagannath Temple – Puri,Char Dham,Puri,,Odisha,India,Lord Jagannath,"Jagannath Temple in Puri is a 12th-century marvel dedicated to Lord Jagannath, Balabhadra, and Subhadra. Celebrated globally for its magnificent annual Rath Yatra (Chariot Festival) and Mahaprasad cooked in earthen pots.","{""Mangala Aarti"": ""5:30 AM"", ""Madhyan Dhupa"": ""1:00 PM"", ""Sandhya Dhupa"": ""7:00 PM""}","{""Darshan"": ""5:30 AM - 10:00 PM""}","Reach Puri railway station (2.5 km) or Bhubaneswar airport (60 km). Leather items, cameras, and mobile phones are prohibited inside the shrine complex.",19.8049,85.8189,+91-6752-222002,https://www.youtube.com/embed/live_stream?channel=UCxnh8tVFUMlhruMpa7Bycng,[],True
chardham-yamunotri-temple-uttarakhand,Yamunotri Temple – Uttarakhand,Char Dham,Uttarkashi,,Uttarakhand,India,Goddess Yamuna,Yamunotri Temple in Uttarkashi district marks the origin of the sacred Yamuna River. Pilgrims cook rice in the boiling natural thermal springs of Surya Kund to offer as divine prasadam.,"{""Mangal Aarti"": ""6:30 AM"", ""Sandhya Aarti"": ""6:30 PM""}","{""Darshan"": ""6:00 AM - 8:00 PM""}","Reach Janki Chatti by vehicle from Dehradun/Barkot, then trek 6 km to Yamunotri shrine. Pony and palanquin services are readily available.",31.0142,78.4599,+91-1371-222226,,[],True
chardham-gangotri-temple-uttarakhand,Gangotri Temple – Uttarakhand,Char Dham,Uttarkashi,,Uttarakhand,India,Goddess Ganga,"Gangotri Temple, located at an elevation of 3,100 meters on the banks of Bhagirathi River in Uttarkashi, celebrates the earthly descent of holy Goddess Ganga from Lord Shiva's locks.","{""Mangal Aarti"": ""6:00 AM"", ""Sandhya Aarti"": ""6:30 PM""}","{""Darshan"": ""6:00 AM - 9:30 PM""}",Accessible directly by motorable road from Uttarkashi town (100 km). Pilgrims visit Bhagirath Shila near the temple where King Bhagirath meditated.,30.9947,78.9398,+91-1374-222212,,[],True
panchbhoota-ekambareswarar-temple-kanchipuram,Ekambareswarar Temple – Kanchipuram,Panch Bhoota Sthalam,Kanchipuram,,Tamil Nadu,India,Lord Shiva,"Ekambareswarar Temple in Kanchipuram represents the Earth element (Prithvi Stalam). Famous for its ancient 3,500-year-old mango tree whose four branches yield four different varieties of mangoes.","{""Ushathkalam"": ""6:00 AM"", ""Uchikalam"": ""12:00 PM"", ""Sayarakshai"": ""6:00 PM""}","{""Darshan"": ""6:00 AM - 12:30 PM, 4:00 PM - 8:30 PM""}","Located in central Kanchipuram silk town, 75 km from Chennai. Easily reachable by rail and national highway buses.",12.8438,79.7008,044 2722 2084,,[],True
panchbhoota-jambukeswarar-temple-thiruvanaikaval,Jambukeswarar Temple – Thiruvanaikaval,Panch Bhoota Sthalam,Tiruchirappalli,,Tamil Nadu,India,Lord Shiva,Jambukeswarar Temple (Thiruvanaikaval) in Trichy represents the Water element (Appu Stalam). An underground natural spring continuously flows under the sanctum sanctorum lingam.,"{""Kala Santhi"": ""8:00 AM"", ""Uchikalam"": ""12:00 PM"", ""Sayarakshai"": ""6:00 PM""}","{""Darshan"": ""5:30 AM - 1:00 PM, 3:00 PM - 8:30 PM""}",Located near Srirangam island in Trichy. Reach via Trichy Junction station (8 km) or Tiruchirappalli International Airport.,10.8533,78.7056,0431 223 0257,,[],True
panchbhoota-arunachaleswarar-temple-thiruvannamalai,Arunachaleswarar Temple – Thiruvannamalai,Panch Bhoota Sthalam,Thiruvannamalai,,Tamil Nadu,India,Lord Shiva,Arunachaleswarar Temple at the foot of Arunachala hill represents the Fire element (Agni Stalam). Renowned for its huge Karthigai Deepam festival where a massive beacon fire is lit on top of Arunachala hill.,"{""Ushathkalam"": ""5:30 AM"", ""Uchikalam"": ""11:30 AM"", ""Sayarakshai"": ""6:30 PM""}","{""Darshan"": ""5:30 AM - 12:30 PM, 3:30 PM - 9:30 PM""}",Located 185 km from Chennai. Millions of pilgrims perform the sacred 14 km Girivalam circumambulation around Arunachala hill on Full Moon nights.,12.2319,79.0677,04175 222 408,,[],True
panchbhoota-srikalahasteeswara-temple-srikalahasti,Srikalahasteeswara Temple – Srikalahasti,Panch Bhoota Sthalam,Srikalahasti,,Andhra Pradesh,India,Lord Shiva,Srikalahasteeswara Temple on the banks of Swarnamukhi River in Andhra Pradesh represents the Wind element (Vayu Stalam). Famous worldwide for performing Rahu-Ketu Sarpa Dosha Nivaran pujas.,"{""Pabavathnam"": ""6:00 AM"", ""Uchikalam"": ""11:00 AM"", ""Nithya Sandhya"": ""5:00 PM""}","{""Darshan"": ""6:00 AM - 9:00 PM""}",Located 36 km from Tirupati Balaji Temple. Well connected by road and Srikalahasti railway station.,13.7498,79.6984,08578 222 240,,[],True
panchbhoota-thillai-nataraja-temple-chidambaram,Thillai Nataraja Temple – Chidambaram,Panch Bhoota Sthalam,Chidambaram,,Tamil Nadu,India,Lord Shiva,Thillai Nataraja Temple in Chidambaram represents the Space element (Akasha Stalam) and the famous Chidambara Rahasyam. It depicts Lord Shiva performing the Cosmic Ananda Tandava dance as Nataraja.,"{""Kala Santhi"": ""6:00 AM"", ""Uchikalam"": ""12:00 PM"", ""Sayarakshai"": ""6:00 PM""}","{""Darshan"": ""6:00 AM - 12:00 PM, 5:00 PM - 10:00 PM""}",Located 215 km south of Chennai. Reached via Chidambaram railway station or buses from Pondicherry and Cuddalore.,11.3992,79.6935,04144 222 365,,[],True
ashtavinayak-mayureshwar-temple-morgaon,Mayureshwar Temple – Morgaon,Ashtavinayak,Morgaon,Pune District,Maharashtra,India,Lord Ganesha,Mayureshwar (Moreshwar) Temple in Morgaon is traditional first and starting shrine of Ashtavinayak yatra. Ganesha here rides a peacock (Mayura) and features three eyes.,"{""Kakad Aarti"": ""5:00 AM"", ""Madhyan Aarti"": ""12:00 PM"", ""Shej Aarti"": ""10:00 PM""}","{""Darshan"": ""5:00 AM - 10:00 PM""}",Located 65 km from Pune city in Baramati taluka. Regular buses and private cars ply from Swargate bus stand.,18.2758,74.3168,+91-2112-278222,,[],True
ashtavinayak-siddhivinayak-temple-siddhatek,Siddhivinayak Temple – Siddhatek,Ashtavinayak,Siddhatek,Ahmednagar District,Maharashtra,India,Lord Ganesha,Siddhivinayak Temple in Siddhatek is situated on the banks of Bhima River. It is unique as the only Ashtavinayak idol with trunk turned to the right side (Right-trunk Ganesha).,"{""Kakad Aarti"": ""5:30 AM"", ""Bhog Aarti"": ""12:30 PM"", ""Shej Aarti"": ""9:30 PM""}","{""Darshan"": ""5:30 AM - 9:30 PM""}",Located 20 km from Daund Junction railway station. Reachable via Shirur-Chaufula road.,18.5284,74.6628,+91-2487-236200,,[],True
ashtavinayak-ballaleshwar-temple-pali,Ballaleshwar Temple – Pali,Ashtavinayak,Pali,Raigad District,Maharashtra,India,Lord Ganesha,Ballaleshwar Temple in Pali is named after Ganesha's devoted young child worshipper Ballal. The temple complex features beautiful stone carved architectural halls and two holy water tanks.,"{""Kakad Aarti"": ""5:00 AM"", ""Madhyan Aarti"": ""12:00 PM"", ""Shej Aarti"": ""10:00 PM""}","{""Darshan"": ""5:00 AM - 10:00 PM""}",Located 110 km from Mumbai via Mumbai-Pune Expressway and Khopoli exit.,18.5367,73.2208,+91-2194-242220,,[],True
ashtavinayak-varadhavinayak-temple-mahad,Varadhavinayak Temple – Mahad,Ashtavinayak,Mahad,Raigad District,Maharashtra,India,Lord Ganesha,Varadhavinayak Temple in Mahad village near Khopoli grants all boons and wishes (Varada). An oil lamp (Nanda Deep) inside the sanctum has been burning continuously since 1892.,"{""Kakad Aarti"": ""5:00 AM"", ""Madhyan Aarti"": ""12:00 PM"", ""Shej Aarti"": ""9:00 PM""}","{""Darshan"": ""5:00 AM - 9:00 PM""}",Situated 80 km from Mumbai along the Mumbai-Pune highway near Karjat/Khopoli.,18.8074,73.2381,+91-2192-269265,,[],True
ashtavinayak-chintamani-temple-theur,Chintamani Temple – Theur,Ashtavinayak,Theur,Pune District,Maharashtra,India,Lord Ganesha,"Chintamani Temple in Theur, located at the confluence of Mula and Mutha rivers near Pune, is revered for bringing peace of mind and removing worries (Chinta).","{""Kakad Aarti"": ""5:00 AM"", ""Madhyan Aarti"": ""12:30 PM"", ""Shej Aarti"": ""10:00 PM""}","{""Darshan"": ""5:00 AM - 10:00 PM""}",Located just 25 km from Pune city center. Easily accessible by local PMT city buses and auto-rickshaws.,18.5262,73.9877,+91-20-26912300,,[],True
ashtavinayak-girijatmak-temple-lenyadri,Girijatmak Temple – Lenyadri,Ashtavinayak,Junnar,Pune District,Maharashtra,India,Lord Ganesha,"Girijatmak Temple in Lenyadri is carved out of a cave on a mountain cliff, making it the only Ashtavinayak shrine situated inside a Buddhist rock-cut cave complex.","{""Kakad Aarti"": ""6:00 AM"", ""Madhyan Aarti"": ""12:00 PM"", ""Shej Aarti"": ""8:30 PM""}","{""Darshan"": ""6:00 AM - 8:30 PM""}",Requires climbing 307 stone steps up Lenyadri hill near Junnar (95 km from Pune). Palanquin services available for elderly devotees.,19.2415,73.8864,+91-2132-222380,,[],True
ashtavinayak-vighnahar-temple-ozar,Vighnahar Temple – Ozar,Ashtavinayak,Ozar,Pune District,Maharashtra,India,Lord Ganesha,Vighnahar Temple in Ozar is situated on the banks of Kukadi River. Devotees worship Ganesha here as the destroyer of obstacles (Vighnaharta) who defeated demon Vighnasura.,"{""Kakad Aarti"": ""5:00 AM"", ""Madhyan Aarti"": ""12:00 PM"", ""Shej Aarti"": ""10:30 PM""}","{""Darshan"": ""5:00 AM - 10:30 PM""}",Located 85 km from Pune and 15 km from Junnar. Features golden dome mandap and fortified stone walls.,19.1868,73.9482,+91-2132-288440,,[],True
ashtavinayak-mahaganapati-temple-ranjangaon,Mahaganapati Temple – Ranjangaon,Ashtavinayak,Ranjangaon,Pune District,Maharashtra,India,Lord Ganesha,Mahaganapati Temple in Ranjangaon depicts Ganesha with 10 trunks and 20 hands in his powerful divine form invoked by Lord Shiva before destroying Tripurasura.,"{""Kakad Aarti"": ""5:30 AM"", ""Madhyan Aarti"": ""12:00 PM"", ""Shej Aarti"": ""10:00 PM""}","{""Darshan"": ""5:30 AM - 10:00 PM""}",Located 50 km from Pune along the Pune-Ahmednagar highway. Well serviced by Maharashtra state transit buses.,18.8475,74.2435,+91-2138-243200,,[],True
shaktipeeth-kamakhya-temple-guwahati,Kamakhya Temple – Guwahati,Shakti Peetha,Guwahati,,Assam,India,Goddess Kamakhya,"Kamakhya Temple on Nilachal Hill in Guwahati, Assam, is one of the oldest and most venerated Tantric Shakti Peethas (where Sati's Yoni fell). Host of the famed annual Ambubachi Mela festival.","{""Morning Aarti"": ""5:30 AM"", ""Bhog Aarti"": ""1:00 PM"", ""Sandhya Aarti"": ""6:30 PM""}","{""Darshan"": ""5:30 AM - 1:00 PM, 2:30 PM - 5:30 PM""}",Located 8 km from Guwahati Railway Station and 20 km from LGBI Airport. Special VIP line passes are available at temple counters.,26.1664,91.7067,0361 273 2782,,[],True
shaktipeeth-kalighat-kali-temple-kolkata,Kalighat Kali Temple – Kolkata,Shakti Peetha,Kolkata,,West Bengal,India,Goddess Kali,Kalighat Kali Temple on the banks of Adi Ganga canal in Kolkata is a premier Shakti Peetha where Sati's right toe fell. The sacred idol features a unique long golden tongue.,"{""Mangala Aarti"": ""4:00 AM"", ""Bhog Aarti"": ""2:00 PM"", ""Sandhya Aarti"": ""7:00 PM""}","{""Darshan"": ""5:00 AM - 2:00 PM, 5:00 PM - 10:30 PM""}","Accessible via Kalighat Metro Station in Kolkata. Expect large crowds on Tuesdays, Saturdays, and Kali Puja days.",22.5186,88.3426,+91-33-24641200,,[],True
shaktipeeth-tarapith-temple-birbhum,Tarapith Temple – Birbhum,Shakti Peetha,Tarapith,Birbhum,West Bengal,India,Goddess Tara,"Tarapith Temple in Birbhum, West Bengal, is a major Tantric shrine dedicated to Goddess Tara. Associated with legendary saint Bamakhepa who meditated at the adjacent cremation ground.","{""Mangala Aarti"": ""6:00 AM"", ""Bhog Aarti"": ""1:30 PM"", ""Sandhya Aarti"": ""7:00 PM""}","{""Darshan"": ""6:00 AM - 9:00 PM""}",Reach via Rampurhat railway station (9 km). Direct express trains connect Kolkata (Howrah/Sealdah) to Rampurhat.,24.1147,87.8003,+91-3461-253222,,[],True
shaktipeeth-ambaji-temple-gujarat,Ambaji Temple – Gujarat,Shakti Peetha,Ambaji,Banaskantha,Gujarat,India,Goddess Amba,Ambaji Temple in Banaskantha district near Aravalli hills marks where Sati's heart fell. The shrine contains no idol; devotees worship the holy sacred gold-plated Viso Yantra.,"{""Morning Aarti"": ""7:00 AM"", ""Rajbhog Aarti"": ""12:30 PM"", ""Evening Aarti"": ""7:00 PM""}","{""Darshan"": ""7:00 AM - 11:30 AM, 12:30 PM - 4:30 PM, 7:00 PM - 9:00 PM""}",Located 45 km from Abu Road station and 180 km from Ahmedabad. Visit Gabbar Hill ropeway where the original shrine sits.,24.3317,72.8464,02749 262 129,,[],True
shaktipeeth-vaishno-devi-temple-jammu-kashmir,Vaishno Devi Temple – Jammu & Kashmir,Shakti Peetha,Katra,,Jammu & Kashmir,India,Mata Vaishno Devi,"Mata Vaishno Devi Cave Shrine in the Trikuta Mountains is one of India's most visited pilgrimages. Devotees trek 12 km from Katra base town to seek darshan of Holy Pindis (Maha Kali, Maha Lakshmi, Maha Saraswati).","{""Morning Aarti"": ""6:20 AM"", ""Bhog Aarti"": ""12:00 PM"", ""Evening Aarti"": ""7:20 PM""}","{""Darshan"": ""24 Hours Open""}",Reach Shri Mata Vaishno Devi Katra railway station. Mandatory RFID Yatra Registration Card must be collected before trekking or boarding battery cars/helicopters.,33.0308,74.9492,+91-1991-232029,https://www.youtube.com/embed/live_stream?channel=UC5SVw4I1kK4xB0h60Tdk5lQ,[],True
shaktipeeth-jwala-ji-temple-kangra,Jwala Ji Temple – Kangra,Shakti Peetha,Kangra,,Himachal Pradesh,India,Goddess Jwala Ji,"Jwalamukhi Temple in Kangra Valley, Himachal Pradesh, features natural blue flames burning continuously out of rock fissures without any fuel, representing Sati's tongue.","{""Mangal Aarti"": ""5:00 AM"", ""Bhog Aarti"": ""12:00 PM"", ""Shayan Aarti"": ""9:00 PM""}","{""Darshan"": ""5:00 AM - 10:00 PM""}",Located 30 km from Kangra town and 55 km from Dharamshala. Nearest broad gauge railway station is Pathankot (100 km).,31.8763,76.3228,+91-1892-246025,,[],True
shaktipeeth-chinnamasta-temple-rajarappa,Chinnamasta Temple – Rajrappa,Shakti Peetha,Ramgarh,,Jharkhand,India,Goddess Chinnamastika,Chinnamasta Temple at Rajrappa stands at the scenic confluence of Damodar and Bhairavi rivers in Jharkhand. Dedicated to headless Mahavidya deity Goddess Chinnamastika.,"{""Morning Aarti"": ""5:30 AM"", ""Evening Aarti"": ""6:00 PM""}","{""Darshan"": ""5:00 AM - 8:00 PM""}",Located 28 km from Ramgarh Cantt and 65 km from Ranchi city. Accessible by private taxis and local state transport.,23.6306,85.7139,+91-6553-222111,,[],True
shaktipeeth-mahalaxmi-temple-kolhapur,Mahalaxmi Temple – Kolhapur,Shakti Peetha,Kolhapur,,Maharashtra,India,Goddess Mahalaxmi,Shri Ambabai (Mahalaxmi) Temple in Kolhapur is a landmark Hemadpanthi stone temple where Kirnotsav (sun rays falling directly on deity's face) occurs biannually.,"{""Kakad Aarti"": ""4:30 AM"", ""Madhyan Aarti"": ""11:30 AM"", ""Dhoop Aarti"": ""8:00 PM""}","{""Darshan"": ""4:30 AM - 10:00 PM""}","Situated in Kolhapur city center, 5 km from Kolhapur railway station. Pre-booked online e-pass reduces waiting time.",16.6946,74.2238,+91-231-2541154,,[],True
shaktipeeth-chamundeshwari-temple-mysore,Chamundeshwari Temple – Mysore,Shakti Peetha,Mysuru,,Karnataka,India,Goddess Chamundeshwari,Chamundeshwari Temple atop Chamundi Hills in Mysuru overlooks the Royal City. Celebrates Goddess Durga's victory over demon Mahishasura during grand Mysuru Dasara.,"{""Morning Aarti"": ""7:30 AM"", ""Noon Aarti"": ""12:30 PM"", ""Evening Aarti"": ""7:30 PM""}","{""Darshan"": ""7:30 AM - 2:00 PM, 3:30 PM - 6:00 PM, 7:30 PM - 9:00 PM""}","Drive up Chamundi Hill road (13 km from Mysuru station) or climb 1,000 historic stone steps past the monolith Nandi statue.",12.2753,76.6704,0821 238 2401,,[],True
shaktipeeth-vindhyavasini-temple-vindhyachal,Vindhyavasini Temple – Vindhyachal,Shakti Peetha,Mirzapur,,Uttar Pradesh,India,Goddess Vindhyavasini,"Vindhyavasini Devi Temple in Vindhyachal near Mirzapur sits on the banks of Ganga. Devotees complete the sacred Trikon Yatra encompassing Vindhyavasini, Kali Khoh, and Ashtabhuja temples.","{""Mangala Aarti"": ""4:00 AM"", ""Bhog Aarti"": ""12:00 PM"", ""Badi Aarti"": ""7:00 PM""}","{""Darshan"": ""4:00 AM - 11:00 PM""}",Located 8 km from Mirzapur and 70 km from Varanasi. Regular trains stop at Vindhyachal station.,25.1663,82.5054,+91-5442-245222,,[],True
shaktipeeth-kamakhya-kanya-kumari-temple,Kanyakumari Devi Temple – Kanyakumari,Shakti Peetha,Kanyakumari,,Tamil Nadu,India,Goddess Devi Kanya Kumari,"Bhagavathy Amman Temple at Kanyakumari stands at the southernmost tip of mainland India, where Arabian Sea, Bay of Bengal, and Indian Ocean meet. Famous for the diamond nose-ring of Goddess Kanya Kumari.","{""Abhishekam"": ""5:00 AM"", ""Uchikalam"": ""12:00 PM"", ""Sayarakshai"": ""6:30 PM""}","{""Darshan"": ""4:30 AM - 12:30 PM, 4:00 PM - 8:30 PM""}",Located 1 km from Kanyakumari railway station. Men must remove upper garments before entering inner prakaram.,8.078,77.555,04652 246 223,,[],True
vishnu-tirupati-balaji-temple-andhra-pradesh,Tirupati Balaji Temple – Andhra Pradesh,Vishnu Temple,Tirupati,Tirumala,Andhra Pradesh,India,Lord Venkateswara,"Tirumala Venkateswara Temple in Tirupati, Andhra Pradesh, is the world's most-visited Hindu pilgrimage site. Lord Srinivasa (Balaji) is worshipped here with elaborate daily sevas, Laddoo prasadam, and hair tonsuring vows.","{""Suprabhatam"": ""3:00 AM"", ""Thomala Seva"": ""3:30 AM"", ""Ekantha Seva"": ""1:30 AM""}","{""Darshan"": ""3:00 AM - 12:00 AM""}",Book TTD online special entry darshan tickets (300 Rs) months in advance. Reach Tirupati via Tirupati station or Renigunta Airport.,13.6833,79.3476,+91-877-2277777,https://www.youtube.com/embed/live_stream?channel=UCS2Y83GD-fc7qqgNW5uj41g,[],True
vishnu-sri-ranganathaswamy-temple-srirangam,Sri Ranganathaswamy Temple – Srirangam,Vishnu Temple,Tiruchirappalli,Srirangam,Tamil Nadu,India,Lord Ranganatha,"Sri Ranganathaswamy Temple in Srirangam is the foremost Divya Desam temple of Lord Vishnu and the largest functioning Hindu temple complex in the world, spanning 156 acres with 21 grand Gopurams.","{""Viswaroopa Seva"": ""6:00 AM"", ""Uchikalam"": ""12:00 PM"", ""Night Puja"": ""9:00 PM""}","{""Darshan"": ""6:00 AM - 1:00 PM, 3:30 PM - 9:00 PM""}",Located on Srirangam island in Trichy. Climb Rajagopuram viewing tower for panorama of the 7 concentric temple enclosures.,10.8623,78.6901,0431 243 2246,,[],True
vishnu-guruvayur-temple-kerala,Guruvayur Temple – Kerala,Vishnu Temple,Guruvayur,,Kerala,India,Lord Guruvayurappan,"Guruvayur Sri Krishna Temple in Thrissur, Kerala, is known as Bhuloka Vaikunta. Devotees worship the four-armed standing form of Lord Vishnu holding Panchajanya conch, Sudarshana chakra, Kaumodaki mace, and lotus.","{""Nirmalyam"": ""3:00 AM"", ""Ucha Pooja"": ""12:00 PM"", ""Athazha Pooja"": ""8:00 PM""}","{""Darshan"": ""3:00 AM - 1:30 PM, 4:30 PM - 9:15 PM""}","Located 27 km from Thrissur railway station. Traditional Kerala dress code (Mundu for men, Saree/Kasavu for women) is mandatory.",10.5946,76.0387,+91-487-2556335,,[],True
vishnu-padmanabhaswamy-temple-thiruvananthapuram,Padmanabhaswamy Temple – Thiruvananthapuram,Vishnu Temple,Thiruvananthapuram,,Kerala,India,Lord Padmanabha,"Sree Padmanabhaswamy Temple in Trivandrum, Kerala, features Lord Vishnu reclining in Anantha Sayana posture on serpent Ananta. It combines Chera and Dravidian architectural styles.","{""Nirmalya Darshan"": ""3:30 AM"", ""Ucha Pooja"": ""11:30 AM"", ""Deeparadhana"": ""6:30 PM""}","{""Darshan"": ""3:30 AM - 12:00 PM, 5:00 PM - 8:30 PM""}",Located 1 km from Trivandrum Central station. Strict dress code is enforced; dhoti rental counters available outside temple main entrance.,8.483,76.9436,0471 245 0233,,[],True
vishnu-bankey-bihari-temple-vrindavan,Bankey Bihari Temple – Vrindavan,Vishnu Temple,Vrindavan,,Uttar Pradesh,India,Lord Krishna (Bankey Bihari),"Shri Bankey Bihari Mandir in Vrindavan is dedicated to Lord Krishna in his tribhanga (bent in three places) posture. Established by Swami Haridas, the curtain before the idol is drawn open and closed frequently to break continuous eye contact.","{""Shringar Aarti"": ""7:45 AM"", ""Rajbhog Aarti"": ""12:00 PM"", ""Shayan Aarti"": ""9:30 PM""}","{""Darshan"": ""7:45 AM - 12:00 PM, 5:30 PM - 9:30 PM""}",Located 12 km from Mathura Junction. Keep spectacles and belongings safe from notorious local monkeys in narrow Vrindavan alleys.,27.5813,77.7003,+91-565-2442000,,[],True
vishnu-iskcon-temple-vrindavan,ISKCON Temple – Vrindavan,Vishnu Temple,Vrindavan,,Uttar Pradesh,India,Krishna Balaram,Sri Sri Krishna Balaram Mandir (ISKCON Vrindavan) is the first ISKCON temple built in India by Srila Prabhupada. Known for melodious continuous 24-hour Kirtan and exquisite marble architecture.,"{""Mangala Aarti"": ""4:30 AM"", ""Tulsi Aarti"": ""5:00 AM"", ""Sandhya Aarti"": ""7:00 PM""}","{""Darshan"": ""4:30 AM - 12:45 PM, 4:30 PM - 8:45 PM""}",Located on Raman Reti Road in Vrindavan. Excellent Govinda's pure vegetarian restaurant and guest rooms inside complex.,27.5728,77.6844,+91-565-2540021,,[],True
vishnu-prem-mandir-vrindavan,Prem Mandir – Vrindavan,Vishnu Temple,Vrindavan,,Uttar Pradesh,India,Radha Krishna & Sita Ram,Prem Mandir in Vrindavan is a grand white Italian marble temple complex established by Jagadguru Kripalu Maharaj. Features stunning illuminated fountains and detailed life-sized tableaux of Radha Krishna's leelas.,"{""Aarti"": ""5:30 AM"", ""Bhog"": ""12:00 PM"", ""Evening Aarti"": ""8:00 PM""}","{""Darshan"": ""5:30 AM - 12:00 PM, 4:30 PM - 8:30 PM""}",Visit during evening hours (6:00 PM to 8:30 PM) to experience the dynamic multi-color LED lighting show and musical fountain.,27.5714,77.6744,+91-565-2540100,,[],True
vishnu-iskcon-mira-road-thane,ISKCON Mira Road – Thane,Vishnu Temple,Mira Road,Elderao Nagar,Maharashtra,India,Radha Giridhari,"Shri Radhagiridhari Mandir (ISKCON Mira Road) is a serene spiritual sanctuary offering daily worship, soul-stirring Hare Krishna kirtans, Bhagavad Gita discourses, and Annadan prasadam.","{""Mangala Aarti"": ""4:30 AM"", ""Tulsi Puja"": ""5:00 AM"", ""Sringar Darshan"": ""7:15 AM"", ""Raj Bhoga Aarti"": ""12:30 PM"", ""Sandhya Aarti"": ""7:00 PM""}","{""Darshan"": ""4:30 AM - 1:00 PM, 4:15 PM - 9:00 PM""}",Reach Mira Road railway station (Western Line) and take auto-rickshaw to Elderao Nagar near Mira Bhayandar main road.,19.2694,72.8717,+91-22-28125555,https://www.youtube.com/embed/live_stream?channel=UCKsPhfStsvK9NKPjXj0DLvg,[],True
vishnu-iskcon-temple-mumbai,ISKCON Temple Mumbai – Juhu,Vishnu Temple,Mumbai,Juhu,Maharashtra,India,Radha Rasabihari,"Shri Shri Radha Rasabihari Ji Temple (ISKCON Juhu) is a major cultural landmark in Mumbai built by Srila Prabhupada. Features a marble temple, auditoriums, bakery, and Govinda's restaurant.","{""Mangala Aarti"": ""4:30 AM"", ""Darshan Aarti"": ""7:15 AM"", ""Sandhya Aarti"": ""7:00 PM""}","{""Darshan"": ""4:30 AM - 1:00 PM, 4:15 PM - 9:00 PM""}",Located on Juhu Church Road near Juhu Beach. Easily accessible via Vile Parle and Andheri railway stations.,19.1128,72.8274,022 2620 6860,https://www.youtube.com/embed/live_stream?channel=UC1vJ4RlWSHP6n0xL2G1tkYQ,[],True
vishnu-iskcon-temple-bangalore-karnataka,ISKCON Temple Bengaluru – Karnataka,Vishnu Temple,Bengaluru,Rajajinagar,Karnataka,India,Sri Sri Radha Krishnachandra,"ISKCON Bangalore on Hare Krishna Hill, Rajajinagar, is one of the largest ISKCON complexes globally, featuring impressive neo-classical architecture, glass canopies, and extensive Akshaya Patra foundation operations.","{""Mangala Aarti"": ""4:30 AM"", ""Darshan Aarti"": ""7:15 AM"", ""Sandhya Aarti"": ""7:00 PM""}","{""Darshan"": ""4:15 AM - 5:00 AM, 7:15 AM - 1:00 PM, 4:00 PM - 8:30 PM""}",Reach via Mahalakshmi Metro Station on Green Line (500m walk). Excellent multi-story car parking facility available.,13.0098,77.5511,+91-80-23471956,https://www.youtube.com/embed/live_stream?channel=UCPXnayBvF7ynbG_I3VOTgIg,[],True
vishnu-badrinath-temple-char-dham,Badrinath Shrine – Uttarakhand,Vishnu Temple,Badrinath,,Uttarakhand,India,Lord Vishnu,"Sacred seat of Lord Badri Narayan in the High Himalayas, blessed by Tapt Kund hot thermal springs where devotees take holy dip before entering temple.","{""Maha Aarti"": ""6:00 AM"", ""Evening Aarti"": ""6:30 PM""}","{""Darshan"": ""4:30 AM - 9:00 PM""}",Located in Chamoli district. Pilgrims usually halt at Joshimath before ascending to Badrinath valley.,30.7433,79.4938,+91-135-2746847,,[],True
shiva-lingaraj-temple-bhubaneswar,Lingaraj Temple – Bhubaneswar,Shiva Temple,Bhubaneswar,,Odisha,India,Lord Harihara (Shiva),Lingaraj Temple in Bhubaneswar is an 11th-century Kalinga architecture masterpiece. Lord Shiva is worshipped here as Harihara (combined form of Shiva and Vishnu).,"{""Alati"": ""6:00 AM"", ""Bhoga"": ""12:30 PM"", ""Sahanamela"": ""7:00 PM""}","{""Darshan"": ""6:00 AM - 9:00 PM""}",Located 5 km from Bhubaneswar Railway Station. Non-Hindus can view the temple complex from an elevated viewing platform nearby.,20.2382,85.8337,0674 243 0101,,[],True
shiva-brihadisvara-temple-thanjavur,Brihadisvara Temple – Thanjavur,Shiva Temple,Thanjavur,,Tamil Nadu,India,Lord Shiva,Brihadisvara Temple (Peruvudaiyar Kovil) in Thanjavur built by Chola Emperor Raja Raja I is a UNESCO World Heritage site. Features a 216-foot vimana tower carved entirely from granite.,"{""Pal Abhishekam"": ""8:30 AM"", ""Uchikalam"": ""12:00 PM"", ""Sayarakshai"": ""6:00 PM""}","{""Darshan"": ""6:00 AM - 12:30 PM, 4:00 PM - 8:30 PM""}",Located 1 km from Thanjavur Old Bus Stand. Marvel at the monolithic Nandi statue carved out of a single stone block.,10.7828,79.1318,04362 274 476,,[],True
shiva-amarnath-cave-temple-kashmir,Amarnath Temple – Jammu & Kashmir,Shiva Temple,Anantnag,,Jammu & Kashmir,India,Lord Shiva (Ice Lingam),"Amarnath Cave Shrine located at 3,888 meters in Anantnag district houses the naturally formed Ice Lingam (Baba Barfani). Open for pilgrimage during July-August (Shravan month).","{""Morning Aarti"": ""6:00 AM"", ""Evening Aarti"": ""6:00 PM""}","{""Darshan"": ""6:00 AM - 5:00 PM""}",Reached via Pahalgam (46 km trek) or Baltal (14 km trek) routes. Mandatory medical fitness certificate and SASB registration are compulsory.,34.2155,75.5037,+91-194-2501679,,[],True
shiva-tungnath-temple-chopta,Tungnath Temple – Chopta,Shiva Temple,Rudraprayag,Chopta,Uttarakhand,India,Lord Shiva,"Tungnath Temple in Chopta, Uttarakhand, situated at 3,680 meters, is the highest Shiva temple in the world and highest among the Panch Kedar shrines.","{""Morning Aarti"": ""6:00 AM"", ""Evening Aarti"": ""6:30 PM""}","{""Darshan"": ""6:00 AM - 7:00 PM""}","Reach Chopta base camp by road from Ukhimath/Gopeshwar, then complete a scenic 3.5 km paved mountain trek through alpine meadows (Bugyals).",30.4883,79.2186,+91-1372-252120,,[],True
shiva-pashupatinath-temple-mandsaur,Pashupatinath Temple – Mandsaur,Shiva Temple,Mandsaur,,Madhya Pradesh,India,Lord Pashupatinath,"Pashupatinath Temple in Mandsaur on the Shivna River houses a rare Ashtamukhi (eight-faced) Shiva Lingam, matching the famous shrine in Kathmandu, Nepal.","{""Mangala Aarti"": ""5:30 AM"", ""Bhog Aarti"": ""12:30 PM"", ""Sandhya Aarti"": ""7:30 PM""}","{""Darshan"": ""5:30 AM - 9:30 PM""}",Located 3 km from Mandsaur railway station on Ratlam-Chittorgarh railway line.,24.0725,75.0745,+91-7422-242220,,[],True
shiva-bhojeshwar-temple-bhojpur,Bhojeshwar Temple – Bhojpur,Shiva Temple,Bhojpur,Bhopal,Madhya Pradesh,India,Lord Shiva,"Bhojeshwar Temple in Bhojpur near Bhopal was founded by Parmar King Raja Bhoj. It contains one of the largest monolithic Shiva Lingams in India, standing 18 feet tall.","{""Morning Aarti"": ""6:00 AM"", ""Evening Aarti"": ""7:00 PM""}","{""Darshan"": ""6:00 AM - 7:00 PM""}",Located 28 km from Bhopal city center. Easily accessible by local taxis and tour buses.,23.1003,77.5858,+91-755-2778383,,[],True
shiva-murudeshwar-temple-karnataka,Murudeshwar Temple – Karnataka,Shiva Temple,Murudeshwar,,Karnataka,India,Lord Shiva,Murudeshwar Temple on Kanduka Hill along the Arabian Sea coast features the world's second-tallest Lord Shiva statue (123 feet) and a massive 20-story Raja Gopuram with lifts.,"{""Maha Pooja"": ""6:30 AM"", ""Maha Naivedya"": ""12:15 PM"", ""Night Pooja"": ""8:15 PM""}","{""Darshan"": ""6:00 AM - 1:00 PM, 3:00 PM - 8:30 PM""}","Located right on Murudeshwar Railway Station line (Konkan Railway), 160 km north of Mangalore.",14.0942,74.4849,08385 260 203,,[],True
devi-meenakshi-temple-madurai,Meenakshi Temple – Madurai,Devi Temple,Madurai,,Tamil Nadu,India,Goddess Meenakshi & Sundareswarar,"Meenakshi Sundareswarar Temple in Madurai is an ancient Dravidian architectural marvel spanning 14 acres with 14 colorful gopurams housing 33,000 stone sculptures.","{""Thiruvanandal Pooja"": ""5:00 AM"", ""Uchikala Pooja"": ""10:30 AM"", ""Ardhajama Pooja"": ""9:00 PM""}","{""Darshan"": ""5:00 AM - 12:30 PM, 4:00 PM - 9:30 PM""}",Located 1.5 km from Madurai Junction railway station. Electronic devices and bags are restricted; locker rooms available at outer gates.,9.9195,78.1193,0452 234 4360,,[],True
devi-mahalaxmi-temple-mumbai,Mahalaxmi Temple – Mumbai,Devi Temple,Mumbai,Mahalaxmi,Maharashtra,India,Goddess Mahalaxmi,"Mahalaxmi Temple on Bhulabhai Desai Road overlooking the Arabian Sea is dedicated to Goddesses Mahalaxmi, Mahakali, and Mahasaraswati. Famous for heavy footfalls during Navratri.","{""Morning Aarti"": ""7:00 AM"", ""Dhoop Aarti"": ""6:30 PM"", ""Shej Aarti"": ""10:00 PM""}","{""Darshan"": ""6:00 AM - 10:00 PM""}",Reach Mahalaxmi railway station (Western Line) and take a short taxi ride to Breach Candy seaside.,18.9774,72.8066,022 2351 4732,https://youtu.be/DHRoHpI_rcI,[],True
devi-mumbadevi-temple-mumbai,Mumbadevi Temple – Mumbai,Devi Temple,Mumbai,Bhuleshwar,Maharashtra,India,Goddess Mumbadevi,"Historic Mumbadevi Temple in Zaveri Bazaar area is dedicated to Goddess Mumbadevi, patron deity of Mumbai city after whom Mumbai derives its official name.","{""Morning Aarti"": ""6:00 AM"", ""Bhog Aarti"": ""12:00 PM"", ""Sandhya Aarti"": ""7:00 PM""}","{""Darshan"": ""6:00 AM - 9:00 PM""}",Located near Chhatrapati Shivaji Maharaj Terminus (CSMT) and Marine Lines stations in South Mumbai.,18.9515,72.8306,022 2242 4734,,[],True
devi-mansa-devi-temple-haridwar,Mansa Devi Temple – Haridwar,Devi Temple,Haridwar,,Uttarakhand,India,Goddess Mansa Devi,Mansa Devi Temple atop Bilwa Parvat in Haridwar grants all earnest wishes (Mansa). Pilgrims tie sacred threads on temple trees while making wishes.,"{""Morning Aarti"": ""5:00 AM"", ""Evening Aarti"": ""6:30 PM""}","{""Darshan"": ""5:00 AM - 9:00 PM""}",Reach the hill summit via Udaan Khatola ropeway cable car or walk up 2 km stone staircase path from Haridwar railway station.,29.9566,78.1633,+91-1334-227031,,[],True
devi-chandi-devi-temple-haridwar,Chandi Devi Temple – Haridwar,Devi Temple,Haridwar,,Uttarakhand,India,Goddess Chandi Devi,Chandi Devi Temple atop Neel Parvat in Haridwar was established by Adi Shankaracharya in 8th century AD. Devotees visit alongside Mansa Devi to complete Siddh Peeth Yatra.,"{""Morning Aarti"": ""5:30 AM"", ""Evening Aarti"": ""6:00 PM""}","{""Darshan"": ""5:30 AM - 8:00 PM""}",Accessible via ropeway cable car from Chandighat or 3 km steep mountain trekking path.,29.9431,78.1806,+91-1334-227032,,[],True
hanuman-sankat-mochan-temple-varanasi,Sankat Mochan Hanuman Temple – Varanasi,Hanuman Temple,Varanasi,,Uttar Pradesh,India,Lord Hanuman,Sankat Mochan Hanuman Temple in Varanasi was founded by Saint Tulsidas who authored Ramcharitmanas. Devotees flock here on Tuesdays and Saturdays for relief from troubles.,"{""Morning Aarti"": ""5:00 AM"", ""Evening Aarti"": ""8:30 PM""}","{""Darshan"": ""5:00 AM - 10:00 PM""}",Located near Banaras Hindu University (BHU) campus. Strict electronic security screening at entrance.,25.2818,82.9976,0542 231 0123,,[],True
hanuman-salasar-balaji-temple-churu,Salasar Balaji Temple – Churu,Hanuman Temple,Salasar,Churu,Rajasthan,India,Lord Hanuman (Balaji),"Salasar Balaji Temple in Churu, Rajasthan, features a miraculous swayambhu idol of Lord Hanuman possessing a beard and mustache.","{""Mangla Aarti"": ""5:00 AM"", ""Bhog Aarti"": ""12:15 PM"", ""Evening Aarti"": ""7:30 PM""}","{""Darshan"": ""5:00 AM - 10:00 PM""}",Located 170 km from Jaipur and 270 km from Delhi. Well connected by Shekhawati highway network.,27.7218,74.7088,+91-1568-252202,,[],True
hanuman-mehendipur-balaji-temple-dausa,Mehendipur Balaji Temple – Dausa,Hanuman Temple,Dausa,,Rajasthan,India,Lord Hanuman,"Mehendipur Balaji Temple in Dausa, Rajasthan, is legendary across India for ritual divine healing, exorcism, and protection from evil spirits and black magic.","{""Morning Aarti"": ""6:00 AM"", ""Evening Aarti"": ""7:00 PM""}","{""Darshan"": ""6:00 AM - 9:00 PM""}",Located 100 km from Jaipur along Jaipur-Agra National Highway 21.,26.9936,76.9634,+91-1420-247010,,[],True
hanuman-hanumangarhi-temple-ayodhya,Hanuman Garhi Temple – Ayodhya,Hanuman Temple,Ayodhya,,Uttar Pradesh,India,Lord Hanuman,"Hanuman Garhi in Ayodhya is a 10th-century cave temple situated on a high mound. Customarily, pilgrims visit Hanuman Garhi to seek permission before proceeding to Ram Janmabhoomi Mandir.","{""Morning Aarti"": ""5:00 AM"", ""Evening Aarti"": ""7:00 PM""}","{""Darshan"": ""5:00 AM - 10:00 PM""}",Climb 76 stone steps to reach the main square fortress complex in central Ayodhya.,26.7956,82.1994,+91-5278-232011,,[],True
hanuman-jakhu-temple-shimla,Jakhu Temple – Shimla,Hanuman Temple,Shimla,,Himachal Pradesh,India,Lord Hanuman,"Jakhu Temple at Jakhu Hill peak (2,455m altitude) in Shimla features a colossal 108-foot red statue of Lord Hanuman visible across Shimla valley.","{""Morning Aarti"": ""7:00 AM"", ""Evening Aarti"": ""6:00 PM""}","{""Darshan"": ""7:00 AM - 8:00 PM""}",Reach via Jakhu Ropeway cable car from Ridge ground or trek 2 km through pine forests.,31.1011,77.1818,+91-177-2808020,,[],True
sacred-shree-ram-janmabhoomi-mandir-ayodhya,Shree Ram Janmabhoomi Mandir – Ayodhya,Sacred,Ayodhya,,Uttar Pradesh,India,Lord Ram (Ram Lalla),Shree Ram Janmabhoomi Mandir in Ayodhya marks the sacred birthplace of Lord Ram. The majestic nagara-style temple crafted from pink Bansi Paharpur sandstone was consecrated in 2024.,"{""Mangala Aarti"": ""4:30 AM"", ""Shringar Aarti"": ""6:30 AM"", ""Sandhya Aarti"": ""7:30 PM""}","{""Darshan"": ""7:00 AM - 11:30 AM, 2:00 PM - 7:00 PM""}",Reach Ayodhya Dham Junction station or Maharishi Valmiki International Airport. Online advance pass booking is recommended for smooth entry.,26.7922,82.1998,+91-5278-297003,,[],True
sacred-golden-temple-amritsar,Golden Temple – Amritsar,Sacred,Amritsar,,Punjab,India,Sri Harmandir Sahib,"Sri Harmandir Sahib (Golden Temple) in Amritsar is the preeminent spiritual shrine of Sikhism. Surrounded by Amrit Sarovar lake, its golden dome welcomes all people regardless of background.","{""Prakash Ceremony"": ""4:00 AM"", ""Asa Di Vaar Kirtan"": ""5:00 AM"", ""Sukhasan Ceremony"": ""10:00 PM""}","{""Darshan"": ""24 Hours Open""}","Cover head with scarf, remove shoes at footwear counters, and wash hands/feet at entrance streams before entering complex.",31.62,74.8765,0183 255 3957,https://www.youtube.com/embed/live_stream?channel=UCYn6UEtQ771a_OWSiNBoG8w,[],True
sacred-siddhivinayak-temple-mumbai,Siddhivinayak Temple – Mumbai,Sacred,Mumbai,Prabhadevi,Maharashtra,India,Lord Ganesha,"Shree Siddhivinayak Ganapati Mandir in Prabhadevi, Mumbai, is a prominent 6-story Ganesha temple featuring a dome plated with 3.7 kg gold. Visited by millions including dignitaries and celebrities.","{""Kakad Aarti"": ""5:30 AM"", ""Madhyan Aarti"": ""12:00 PM"", ""Shej Aarti"": ""8:45 PM""}","{""Darshan"": ""5:30 AM - 9:50 PM""}",Accessible via Dadar and Prabhadevi local railway stations. Tuesday is the busiest day for devotional walking yatras.,19.0166,72.8302,022 2437 3626,https://www.youtube.com/embed/live_stream?channel=UCmVh_JJg-jurl1G-8opW1zw,[],True
sacred-shirdi-sai-baba-temple-maharashtra,Shirdi Sai Baba Temple – Maharashtra,Sacred,Shirdi,,Maharashtra,India,Sai Baba,"Shri Sai Baba Samadhi Mandir in Shirdi houses the holy marble tomb and idol of revered saint Shirdi Sai Baba. Complex includes Dwarkamai, Chavadi, and Lendi Baug.","{""Kakad Aarti"": ""4:30 AM"", ""Madhyan Aarti"": ""12:00 PM"", ""Dhoop Aarti"": ""sunset"", ""Shej Aarti"": ""10:30 PM""}","{""Darshan"": ""5:00 AM - 10:30 PM""}",Reach Sainagar Shirdi railway station or Shirdi Airport. Pre-booking Kakad Aarti or VIP pass via Sansthan website avoids multi-hour queues.,19.7662,74.477,+91-2423-258500,https://www.youtube.com/embed/live_stream?channel=UCAoiAR0Cw2I9_ETZWQVL12A,[],True
sacred-akshardham-temple-delhi,Swaminarayan Akshardham – Delhi,Sacred,New Delhi,,Delhi,India,Swaminarayan,"Swaminarayan Akshardham in Delhi displays millennia of traditional Hindu culture, spirituality, and architecture. Features 20,000 carved statues, Sahaj Anand water show, and cultural boat ride.","{""Morning Aarti"": ""10:00 AM"", ""Evening Aarti"": ""6:00 PM""}","{""Darshan"": ""10:00 AM - 8:00 PM (Closed Mondays)""}","Take Delhi Metro Blue Line directly to Akshardham Metro Station. Electronic items, bags, and mobile phones are strictly forbidden inside premises.",28.6127,77.2773,011 4344 2344,,[],True
sacred-birla-mandir-jaipur,Birla Mandir (Laxmi Narayan) – Jaipur,Sacred,Jaipur,,Rajasthan,India,Laxmi Narayan,Laxmi Narayan Temple (Birla Mandir) at the foot of Moti Dungri hill in Jaipur is built entirely of white Rajasthani marble. Gloriously illuminated against night sky.,"{""Morning Aarti"": ""6:00 AM"", ""Evening Aarti"": ""7:30 PM""}","{""Darshan"": ""6:00 AM - 12:00 PM, 4:00 PM - 9:00 PM""}",Located 5 km from Jaipur Junction railway station. Combine with Moti Dungri Ganesha Temple visit next door.,26.8921,75.8153,+91-141-2564100,,[],True
sacred-somnath-temple-prabhas-patan,Somnath Divine Shrine – Gujarat,Sacred,Prabhas Patan,,Gujarat,India,Lord Shiva,"Coastal sanctuary of Prabhas Patan overlooking the Triveni Sangam (Hiran, Kapila, Saraswati rivers confluence).","{""Mangala Aarti"": ""7:00 AM"", ""Sandhya Aarti"": ""7:00 PM""}","{""Darshan"": ""6:00 AM - 9:30 PM""}",Enjoy evening light and sound show (7:30 PM to 8:30 PM) narrated by megastar Amitabh Bachchan.,20.888,70.4012,02876 231 200,https://www.youtube.com/embed/live_stream?channel=UCXhail7h5FDRbHprlR56nIw,[],True
shaktipeeth-sharda-peeth-kashmir,Sharada Peeth – Kashmir,Shakti Peetha,Kupwara,,Jammu & Kashmir,India,Goddess Sharada,Ancient revered seat of learning and Goddess Saraswati Shakti Peetha.,"{""Morning Aarti"": ""6:00 AM"", ""Evening Aarti"": ""7:00 PM""}","{""Darshan"": ""6:00 AM - 8:00 PM""}","Located in Kupwara, Jammu & Kashmir. Reachable by local transport and city railway/road networks. Best visited during morning or evening prayer sessions.",34.7925,73.8475,022 1234 5678,,[],True
shaktipeeth-hinglaj-devi-rajasthan,Hinglaj Mata Temple – Barmer,Shakti Peetha,Barmer,,Rajasthan,India,Hinglaj Mata,Revered Shakti Peetha shrine situated along Indo-Pak border in Barmer region.,"{""Morning Aarti"": ""6:00 AM"", ""Evening Aarti"": ""7:00 PM""}","{""Darshan"": ""6:00 AM - 8:00 PM""}","Located in Barmer, Rajasthan. Reachable by local transport and city railway/road networks. Best visited during morning or evening prayer sessions.",25.75,71.3833,022 1234 5678,,[],True
shaktipeeth-tripora-sundari-temple-tripura,Tripura Sundari Temple – Udaipur,Shakti Peetha,Udaipur,,Tripura,India,Goddess Tripura Sundari,"One of the 51 Shakti Peethas (Sati's right foot fell here), known locally as Matabari.","{""Morning Aarti"": ""6:00 AM"", ""Evening Aarti"": ""7:00 PM""}","{""Darshan"": ""6:00 AM - 8:00 PM""}","Located in Udaipur, Tripura. Reachable by local transport and city railway/road networks. Best visited during morning or evening prayer sessions.",23.5323,91.49,022 1234 5678,,[],True
shaktipeeth-attahas-temple-birbhum,Fullara Attahas Temple – Birbhum,Shakti Peetha,Labhpur,,West Bengal,India,Goddess Fullara,"Famous Shakti Peetha where Sati's lower lip fell, near Labhpur in Birbhum.","{""Morning Aarti"": ""6:00 AM"", ""Evening Aarti"": ""7:00 PM""}","{""Darshan"": ""6:00 AM - 8:00 PM""}","Located in Labhpur, West Bengal. Reachable by local transport and city railway/road networks. Best visited during morning or evening prayer sessions.",23.8242,87.8105,022 1234 5678,,[],True
shaktipeeth-bakreshwar-temple-birbhum,Bakreshwar Temple – Birbhum,Shakti Peetha,Suri,,West Bengal,India,Goddess Mahishamardini,Shakti Peetha known for natural hot water sulfur springs and Lord Bakreshwar Shiva.,"{""Morning Aarti"": ""6:00 AM"", ""Evening Aarti"": ""7:00 PM""}","{""Darshan"": ""6:00 AM - 8:00 PM""}","Located in Suri, West Bengal. Reachable by local transport and city railway/road networks. Best visited during morning or evening prayer sessions.",23.8825,87.3708,022 1234 5678,,[],True
shaktipeeth-nalateswari-temple-nalhati,Nalateswari Temple – Nalhati,Shakti Peetha,Nalhati,,West Bengal,India,Goddess Nalateswari,"Shakti Peetha where Sati's throat (Nala) fell, surrounded by serene hillocks.","{""Morning Aarti"": ""6:00 AM"", ""Evening Aarti"": ""7:00 PM""}","{""Darshan"": ""6:00 AM - 8:00 PM""}","Located in Nalhati, West Bengal. Reachable by local transport and city railway/road networks. Best visited during morning or evening prayer sessions.",24.2961,87.8344,022 1234 5678,,[],True
shaktipeeth-jogadya-temple-burdwan,Jogadya Temple – Khirgram,Shakti Peetha,Burdwan,,West Bengal,India,Goddess Jogadya,"Sacred Shakti Peetha where Sati's right great toe fell, famous for Vaishakha fair.","{""Morning Aarti"": ""6:00 AM"", ""Evening Aarti"": ""7:00 PM""}","{""Darshan"": ""6:00 AM - 8:00 PM""}","Located in Burdwan, West Bengal. Reachable by local transport and city railway/road networks. Best visited during morning or evening prayer sessions.",23.5283,88.0267,022 1234 5678,,[],True
shaktipeeth-kankalitala-temple-bolpur,Kankalitala Temple – Bolpur,Shakti Peetha,Bolpur,,West Bengal,India,Goddess Devgarbha,Situated on Kopai River bank near Shantiniketan where Sati's waist (Kankal) fell.,"{""Morning Aarti"": ""6:00 AM"", ""Evening Aarti"": ""7:00 PM""}","{""Darshan"": ""6:00 AM - 8:00 PM""}","Located in Bolpur, West Bengal. Reachable by local transport and city railway/road networks. Best visited during morning or evening prayer sessions.",23.7056,87.7128,022 1234 5678,,[],True
shaktipeeth-bhavani-mandir-tuljapur,Tulja Bhavani Temple – Tuljapur,Shakti Peetha,Tuljapur,,Maharashtra,India,Goddess Tulja Bhavani,Kuldevi of Chhatrapati Shivaji Maharaj and one of Maharashtra's 3.5 Shakti Peethas.,"{""Morning Aarti"": ""6:00 AM"", ""Evening Aarti"": ""7:00 PM""}","{""Darshan"": ""6:00 AM - 8:00 PM""}","Located in Tuljapur, Maharashtra. Reachable by local transport and city railway/road networks. Best visited during morning or evening prayer sessions.",18.0114,76.0792,022 1234 5678,,[],True
shaktipeeth-renuka-devi-temple-mahur,Renuka Devi Temple – Mahur,Shakti Peetha,Mahur,,Maharashtra,India,Goddess Renuka Devi,Birthplace of Lord Parashurama and major Shakti Peetha in Nanded district.,"{""Morning Aarti"": ""6:00 AM"", ""Evening Aarti"": ""7:00 PM""}","{""Darshan"": ""6:00 AM - 8:00 PM""}","Located in Mahur, Maharashtra. Reachable by local transport and city railway/road networks. Best visited during morning or evening prayer sessions.",19.8292,77.9142,022 1234 5678,,[],True
shaktipeeth-saptashrungi-temple-nashik,Saptashrungi Nivasini Temple – Vani,Shakti Peetha,Vani,,Maharashtra,India,Goddess Saptashrungi,Situated atop seven mountain peaks near Nashik where Sati's right arm fell.,"{""Morning Aarti"": ""6:00 AM"", ""Evening Aarti"": ""7:00 PM""}","{""Darshan"": ""6:00 AM - 8:00 PM""}","Located in Vani, Maharashtra. Reachable by local transport and city railway/road networks. Best visited during morning or evening prayer sessions.",20.3925,73.9056,022 1234 5678,,[],True
shaktipeeth-danteshwari-temple-dantewada,Danteshwari Temple – Dantewada,Shakti Peetha,Dantewada,,Chhattisgarh,India,Goddess Danteshwari,600-year-old historic Shakti Peetha shrine where Sati's tooth (Danta) fell.,"{""Morning Aarti"": ""6:00 AM"", ""Evening Aarti"": ""7:00 PM""}","{""Darshan"": ""6:00 AM - 8:00 PM""}","Located in Dantewada, Chhattisgarh. Reachable by local transport and city railway/road networks. Best visited during morning or evening prayer sessions.",18.9,81.35,022 1234 5678,,[],True
shaktipeeth-chamunda-devi-temple-kangra,Chamunda Devi Temple – Kangra,Shakti Peetha,Kangra,,Himachal Pradesh,India,Goddess Chamunda,Situated on Baner river bank in Kangra valley dedicated to fierce form of Chandi.,"{""Morning Aarti"": ""6:00 AM"", ""Evening Aarti"": ""7:00 PM""}","{""Darshan"": ""6:00 AM - 8:00 PM""}","Located in Kangra, Himachal Pradesh. Reachable by local transport and city railway/road networks. Best visited during morning or evening prayer sessions.",32.1622,76.4253,022 1234 5678,,[],True
shaktipeeth-naina-devi-temple-bilaspur,Naina Devi Temple – Bilaspur,Shakti Peetha,Bilaspur,,Himachal Pradesh,India,Goddess Naina Devi,Overlooking Gobind Sagar lake where Sati's eyes (Naina) fell.,"{""Morning Aarti"": ""6:00 AM"", ""Evening Aarti"": ""7:00 PM""}","{""Darshan"": ""6:00 AM - 8:00 PM""}","Located in Bilaspur, Himachal Pradesh. Reachable by local transport and city railway/road networks. Best visited during morning or evening prayer sessions.",31.3061,76.5369,022 1234 5678,,[],True
shaktipeeth-brareshwari-devi-temple-kangra,Brajeshwari Devi Temple – Kangra,Shakti Peetha,Kangra,,Himachal Pradesh,India,Goddess Brajeshwari,Ancient fortified Nagarkot Dham Shakti Peetha where Sati's left breast fell.,"{""Morning Aarti"": ""6:00 AM"", ""Evening Aarti"": ""7:00 PM""}","{""Darshan"": ""6:00 AM - 8:00 PM""}","Located in Kangra, Himachal Pradesh. Reachable by local transport and city railway/road networks. Best visited during morning or evening prayer sessions.",32.0967,76.2689,022 1234 5678,,[],True
shaktipeeth-chintpurni-devi-temple-una,Chintpurni Devi Temple – Una,Shakti Peetha,Una,,Himachal Pradesh,India,Goddess Chintpurni,"Shakti Peetha where Sati's feet fell, renowned for removing all worries.","{""Morning Aarti"": ""6:00 AM"", ""Evening Aarti"": ""7:00 PM""}","{""Darshan"": ""6:00 AM - 8:00 PM""}","Located in Una, Himachal Pradesh. Reachable by local transport and city railway/road networks. Best visited during morning or evening prayer sessions.",31.8078,76.1311,022 1234 5678,,[],True
shaktipeeth-alopi-devi-temple-prayagraj,Alopi Devi Temple – Prayagraj,Shakti Peetha,Prayagraj,,Uttar Pradesh,India,Goddess Alopi Devi,"Unique Shakti Peetha near Sangam where no idol exists, only a wooden doli.","{""Morning Aarti"": ""6:00 AM"", ""Evening Aarti"": ""7:00 PM""}","{""Darshan"": ""6:00 AM - 8:00 PM""}","Located in Prayagraj, Uttar Pradesh. Reachable by local transport and city railway/road networks. Best visited during morning or evening prayer sessions.",25.4358,81.8622,022 1234 5678,,[],True
shaktipeeth-devi-patan-temple-balrampur,Devi Patan Temple – Tulsipur,Shakti Peetha,Balrampur,,Uttar Pradesh,India,Goddess Pateshwari,Associated with Maharshi Karna and Guru Gorakhnath where Sati's shoulder fell.,"{""Morning Aarti"": ""6:00 AM"", ""Evening Aarti"": ""7:00 PM""}","{""Darshan"": ""6:00 AM - 8:00 PM""}","Located in Balrampur, Uttar Pradesh. Reachable by local transport and city railway/road networks. Best visited during morning or evening prayer sessions.",27.5517,82.4175,022 1234 5678,,[],True
shaktipeeth-harsiddhi-mata-temple-ujjain,Harsiddhi Mata Temple – Ujjain,Shakti Peetha,Ujjain,,Madhya Pradesh,India,Goddess Harsiddhi,"Adjoining Mahakaleshwar temple where Sati's elbow fell, featuring giant lamp pillars.","{""Morning Aarti"": ""6:00 AM"", ""Evening Aarti"": ""7:00 PM""}","{""Darshan"": ""6:00 AM - 8:00 PM""}","Located in Ujjain, Madhya Pradesh. Reachable by local transport and city railway/road networks. Best visited during morning or evening prayer sessions.",23.1814,75.7664,022 1234 5678,,[],True
shaktipeeth-sharada-devi-temple-maihar,Sharada Devi Temple – Maihar,Shakti Peetha,Maihar,,Madhya Pradesh,India,Goddess Sharda,"Perched on Trikuta hill reached via 1,063 steps, associated with warrior Alha.","{""Morning Aarti"": ""6:00 AM"", ""Evening Aarti"": ""7:00 PM""}","{""Darshan"": ""6:00 AM - 8:00 PM""}","Located in Maihar, Madhya Pradesh. Reachable by local transport and city railway/road networks. Best visited during morning or evening prayer sessions.",24.2675,80.7583,022 1234 5678,,[],True
shaktipeeth-biraja-temple-jajpur,Biraja Temple – Jajpur,Shakti Peetha,Jajpur,,Odisha,India,Goddess Biraja,Ancient Shakti Peetha in Jajpur on Vaitarani river where Sati's navel fell.,"{""Morning Aarti"": ""6:00 AM"", ""Evening Aarti"": ""7:00 PM""}","{""Darshan"": ""6:00 AM - 8:00 PM""}","Located in Jajpur, Odisha. Reachable by local transport and city railway/road networks. Best visited during morning or evening prayer sessions.",20.8503,86.3333,022 1234 5678,,[],True
shaktipeeth-tara-tarini-temple-ganjam,Tara Tarini Temple – Ganjam,Shakti Peetha,Berhampur,,Odisha,India,Goddess Tara Tarini,Perched atop Kumari hill on Rushikulya river bank where Sati's breasts fell.,"{""Morning Aarti"": ""6:00 AM"", ""Evening Aarti"": ""7:00 PM""}","{""Darshan"": ""6:00 AM - 8:00 PM""}","Located in Berhampur, Odisha. Reachable by local transport and city railway/road networks. Best visited during morning or evening prayer sessions.",19.49,84.9,022 1234 5678,,[],True
vishnu-shri-ram-mandir-ayodhya,Ayodhya Ram Mandir Complex,Vishnu Temple,Ayodhya,,Uttar Pradesh,India,Lord Ram,Grand central sanctum of Lord Ram in holy city Ayodhya.,"{""Morning Aarti"": ""6:00 AM"", ""Evening Aarti"": ""7:00 PM""}","{""Darshan"": ""6:00 AM - 8:00 PM""}","Located in Ayodhya, Uttar Pradesh. Reachable by local transport and city railway/road networks. Best visited during morning or evening prayer sessions.",26.7922,82.1998,022 1234 5678,,[],True
vishnu-dwarakadheesh-temple-mathura,Dwarkadhish Temple – Mathura,Vishnu Temple,Mathura,,Uttar Pradesh,India,Lord Krishna,Famous 1814 temple on Yamuna banks celebrating vibrant Holi and Jhulan Yatra.,"{""Morning Aarti"": ""6:00 AM"", ""Evening Aarti"": ""7:00 PM""}","{""Darshan"": ""6:00 AM - 8:00 PM""}","Located in Mathura, Uttar Pradesh. Reachable by local transport and city railway/road networks. Best visited during morning or evening prayer sessions.",27.5036,77.6728,022 1234 5678,,[],True
vishnu-krishna-janmabhoomi-mathura,Shri Krishna Janmasthan – Mathura,Vishnu Temple,Mathura,,Uttar Pradesh,India,Lord Krishna,Prison cell birthplace of Lord Krishna surrounded by Keshavdeva temple complex.,"{""Morning Aarti"": ""6:00 AM"", ""Evening Aarti"": ""7:00 PM""}","{""Darshan"": ""6:00 AM - 8:00 PM""}","Located in Mathura, Uttar Pradesh. Reachable by local transport and city railway/road networks. Best visited during morning or evening prayer sessions.",27.505,77.6692,022 1234 5678,,[],True
vishnu-radha-raman-temple-vrindavan,Radha Raman Temple – Vrindavan,Vishnu Temple,Vrindavan,,Uttar Pradesh,India,Radha Raman,500-year-old self-manifested deity from Shaligram shila by Gopal Bhatta Goswami.,"{""Morning Aarti"": ""6:00 AM"", ""Evening Aarti"": ""7:00 PM""}","{""Darshan"": ""6:00 AM - 8:00 PM""}","Located in Vrindavan, Uttar Pradesh. Reachable by local transport and city railway/road networks. Best visited during morning or evening prayer sessions.",27.5858,77.7031,022 1234 5678,,[],True
vishnu-radha-damodar-temple-vrindavan,Radha Damodar Temple – Vrindavan,Vishnu Temple,Vrindavan,,Uttar Pradesh,India,Radha Damodar,Historic temple established by Jiva Goswami in 1542 housing Govardhan shila.,"{""Morning Aarti"": ""6:00 AM"", ""Evening Aarti"": ""7:00 PM""}","{""Darshan"": ""6:00 AM - 8:00 PM""}","Located in Vrindavan, Uttar Pradesh. Reachable by local transport and city railway/road networks. Best visited during morning or evening prayer sessions.",27.5839,77.7011,022 1234 5678,,[],True
vishnu-govind-dev-ji-temple-jaipur,Govind Dev Ji Temple – Jaipur,Vishnu Temple,Jaipur,,Rajasthan,India,Lord Krishna,Royal shrine inside City Palace complex featuring world's widest flat RCC span roof.,"{""Morning Aarti"": ""6:00 AM"", ""Evening Aarti"": ""7:00 PM""}","{""Darshan"": ""6:00 AM - 8:00 PM""}","Located in Jaipur, Rajasthan. Reachable by local transport and city railway/road networks. Best visited during morning or evening prayer sessions.",26.9261,75.8242,022 1234 5678,,[],True
vishnu-nathdwara-shrinathji-temple,Shrinathji Temple – Nathdwara,Vishnu Temple,Nathdwara,,Rajasthan,India,Shrinathji (Krishna),Pushtimarg seat housing 7-year-old child form of Lord Krishna lifting Govardhan hill.,"{""Morning Aarti"": ""6:00 AM"", ""Evening Aarti"": ""7:00 PM""}","{""Darshan"": ""6:00 AM - 8:00 PM""}","Located in Nathdwara, Rajasthan. Reachable by local transport and city railway/road networks. Best visited during morning or evening prayer sessions.",24.9317,73.8181,022 1234 5678,,[],True
vishnu-kalaram-temple-nashik,Kalaram Temple – Nashik,Vishnu Temple,Nashik,,Maharashtra,India,Lord Ram,Historic black stone temple in Panchavati where Lord Ram resided during exile.,"{""Morning Aarti"": ""6:00 AM"", ""Evening Aarti"": ""7:00 PM""}","{""Darshan"": ""6:00 AM - 8:00 PM""}","Located in Nashik, Maharashtra. Reachable by local transport and city railway/road networks. Best visited during morning or evening prayer sessions.",19.9989,73.7942,022 1234 5678,,[],True
vishnu-vitthal-temple-pandharpur,Vithoba Temple – Pandharpur,Vishnu Temple,Pandharpur,,Maharashtra,India,Lord Vitthal & Rukmini,Epicenter of Warkari sect on Chandrabhaga river hosting massive Ashadhi Ekadashi Yatra.,"{""Morning Aarti"": ""6:00 AM"", ""Evening Aarti"": ""7:00 PM""}","{""Darshan"": ""6:00 AM - 8:00 PM""}","Located in Pandharpur, Maharashtra. Reachable by local transport and city railway/road networks. Best visited during morning or evening prayer sessions.",17.6775,75.3283,022 1234 5678,,[],True
vishnu-venugopala-swamy-temple-mysore,Venugopala Swamy Temple – KRS Mysore,Vishnu Temple,Mysuru,,Karnataka,India,Lord Venugopala,Relocated historic Hoysala architecture temple submerged in KRS dam reservoir.,"{""Morning Aarti"": ""6:00 AM"", ""Evening Aarti"": ""7:00 PM""}","{""Darshan"": ""6:00 AM - 8:00 PM""}","Located in Mysuru, Karnataka. Reachable by local transport and city railway/road networks. Best visited during morning or evening prayer sessions.",12.4231,76.5714,022 1234 5678,,[],True
vishnu-chennakesava-temple-belur,Chennakesava Temple – Belur,Vishnu Temple,Belur,,Karnataka,India,Lord Chennakesava,12th-century Hoysala masterpiece built by King Vishnuvardhana on Yagachi river.,"{""Morning Aarti"": ""6:00 AM"", ""Evening Aarti"": ""7:00 PM""}","{""Darshan"": ""6:00 AM - 8:00 PM""}","Located in Belur, Karnataka. Reachable by local transport and city railway/road networks. Best visited during morning or evening prayer sessions.",13.1625,75.86,022 1234 5678,,[],True
vishnu-simhachalam-temple-visakhapatnam,Varaha Lakshmi Narasimha Temple – Simhachalam,Vishnu Temple,Visakhapatnam,,Andhra Pradesh,India,Lord Narasimha,Hilltop shrine where deity is covered continuously in sandalwood paste (Chandanotsavam).,"{""Morning Aarti"": ""6:00 AM"", ""Evening Aarti"": ""7:00 PM""}","{""Darshan"": ""6:00 AM - 8:00 PM""}","Located in Visakhapatnam, Andhra Pradesh. Reachable by local transport and city railway/road networks. Best visited during morning or evening prayer sessions.",17.7664,83.2422,022 1234 5678,,[],True
vishnu-ahobilam-narasimha-temple,Ahobilam Navanarasimha Temple,Vishnu Temple,Ahobilam,,Andhra Pradesh,India,Lord Narasimha,Sacred spot in Nallamala forest where Lord Narasimha emerged from iron pillar.,"{""Morning Aarti"": ""6:00 AM"", ""Evening Aarti"": ""7:00 PM""}","{""Darshan"": ""6:00 AM - 8:00 PM""}","Located in Ahobilam, Andhra Pradesh. Reachable by local transport and city railway/road networks. Best visited during morning or evening prayer sessions.",15.1333,78.7167,022 1234 5678,,[],True
vishnu-badrinath-dham-chamoli,Badri Vishal Temple – Chamoli,Vishnu Temple,Badrinath,,Uttarakhand,India,Lord Badri Narayan,Holy seat of Lord Vishnu amidst snowcapped Himalayan peaks.,"{""Morning Aarti"": ""6:00 AM"", ""Evening Aarti"": ""7:00 PM""}","{""Darshan"": ""6:00 AM - 8:00 PM""}","Located in Badrinath, Uttarakhand. Reachable by local transport and city railway/road networks. Best visited during morning or evening prayer sessions.",30.7433,79.4938,022 1234 5678,,[],True
vishnu-ananta-vasudeva-temple-bhubaneswar,Ananta Vasudeva Temple – Bhubaneswar,Vishnu Temple,Bhubaneswar,,Odisha,India,Lord Krishna & Balaram,13th-century Vaishnava temple serving traditional Abadha bhog Prasadam.,"{""Morning Aarti"": ""6:00 AM"", ""Evening Aarti"": ""7:00 PM""}","{""Darshan"": ""6:00 AM - 8:00 PM""}","Located in Bhubaneswar, Odisha. Reachable by local transport and city railway/road networks. Best visited during morning or evening prayer sessions.",20.2422,85.835,022 1234 5678,,[],True
shiva-pashupatinath-temple-nepal-border,Pashupatinath Shrine – Indo-Nepal Border,Shiva Temple,Pithoragarh,,Uttarakhand,India,Lord Pashupatinath,Sacred Shiva shrine near Indo-Nepal frontier surrounded by deodar forests.,"{""Morning Aarti"": ""6:00 AM"", ""Evening Aarti"": ""7:00 PM""}","{""Darshan"": ""6:00 AM - 8:00 PM""}","Located in Pithoragarh, Uttarakhand. Reachable by local transport and city railway/road networks. Best visited during morning or evening prayer sessions.",29.5833,80.2167,022 1234 5678,,[],True
shiva-trimbakeshwar-dham-nashik,Trimbak Raja Temple – Nashik,Shiva Temple,Nashik,,Maharashtra,India,Lord Shiva,Holy source of Godavari river with triple lingam shrine.,"{""Morning Aarti"": ""6:00 AM"", ""Evening Aarti"": ""7:00 PM""}","{""Darshan"": ""6:00 AM - 8:00 PM""}","Located in Nashik, Maharashtra. Reachable by local transport and city railway/road networks. Best visited during morning or evening prayer sessions.",19.9419,73.5298,022 1234 5678,,[],True
shiva-bhimashankar-jyotirling-pune,Bhimashankar Forest Temple – Pune,Shiva Temple,Pune,,Maharashtra,India,Lord Shiva,Dense Sahyadri sanctuary shrine surrounded by giant Indian squirrels.,"{""Morning Aarti"": ""6:00 AM"", ""Evening Aarti"": ""7:00 PM""}","{""Darshan"": ""6:00 AM - 8:00 PM""}","Located in Pune, Maharashtra. Reachable by local transport and city railway/road networks. Best visited during morning or evening prayer sessions.",19.0714,73.553,022 1234 5678,,[],True
shiva-somnath-patan-gujarat,Somnath Jyotirlinga Shrine – Veraval,Shiva Temple,Veraval,,Gujarat,India,Lord Shiva,Eternal shrine on Arabian shore celebrating Lord Shiva as Lord of Moon.,"{""Morning Aarti"": ""6:00 AM"", ""Evening Aarti"": ""7:00 PM""}","{""Darshan"": ""6:00 AM - 8:00 PM""}","Located in Veraval, Gujarat. Reachable by local transport and city railway/road networks. Best visited during morning or evening prayer sessions.",20.888,70.4012,022 1234 5678,,[],True
shiva-tarakeshwar-temple-hooghly,Tarakeshwar Temple – Hooghly,Shiva Temple,Tarakeswar,,West Bengal,India,Lord Taraknath,Major Bengali Shiva pilgrimage site visited by lakhs of barefoot Gajan devotees.,"{""Morning Aarti"": ""6:00 AM"", ""Evening Aarti"": ""7:00 PM""}","{""Darshan"": ""6:00 AM - 8:00 PM""}","Located in Tarakeswar, West Bengal. Reachable by local transport and city railway/road networks. Best visited during morning or evening prayer sessions.",22.8872,88.0169,022 1234 5678,,[],True
shiva-baba-dham-deoghar,Baba Baidyanath Jyotirlinga – Deoghar,Shiva Temple,Deoghar,,Jharkhand,India,Lord Shiva,Famed healing shrine of Lord Shiva in Santhal Parganas.,"{""Morning Aarti"": ""6:00 AM"", ""Evening Aarti"": ""7:00 PM""}","{""Darshan"": ""6:00 AM - 8:00 PM""}","Located in Deoghar, Jharkhand. Reachable by local transport and city railway/road networks. Best visited during morning or evening prayer sessions.",24.4844,86.6994,022 1234 5678,,[],True
shiva-kashi-vishwanath-corridor-varanasi,Kashi Vishwanath Corridor Shrine,Shiva Temple,Varanasi,,Uttar Pradesh,India,Lord Shiva,Spiritual heart of Kashi directly connected to Manikarnika Ghat.,"{""Morning Aarti"": ""6:00 AM"", ""Evening Aarti"": ""7:00 PM""}","{""Darshan"": ""6:00 AM - 8:00 PM""}","Located in Varanasi, Uttar Pradesh. Reachable by local transport and city railway/road networks. Best visited during morning or evening prayer sessions.",25.3109,83.0107,022 1234 5678,,[],True
shiva-mahakaleshwar-bhasma-temple,Mahakal Jyotirlinga Shrine – Ujjain,Shiva Temple,Ujjain,,Madhya Pradesh,India,Lord Shiva,Sole south-facing Jyotirlinga celebrated for daily Bhasma Aarti.,"{""Morning Aarti"": ""6:00 AM"", ""Evening Aarti"": ""7:00 PM""}","{""Darshan"": ""6:00 AM - 8:00 PM""}","Located in Ujjain, Madhya Pradesh. Reachable by local transport and city railway/road networks. Best visited during morning or evening prayer sessions.",23.1828,75.7682,022 1234 5678,,[],True
shiva-omkareshwar-island-khandwa,Omkareshwar Island Mandir – Narmada,Shiva Temple,Khandwa,,Madhya Pradesh,India,Lord Shiva,Narmada river island shrine naturally shaped like OM symbol.,"{""Morning Aarti"": ""6:00 AM"", ""Evening Aarti"": ""7:00 PM""}","{""Darshan"": ""6:00 AM - 8:00 PM""}","Located in Khandwa, Madhya Pradesh. Reachable by local transport and city railway/road networks. Best visited during morning or evening prayer sessions.",22.2456,76.151,022 1234 5678,,[],True
shiva-kedarnath-himalayan-shrine,Kedarnath Himalayan Temple,Shiva Temple,Rudraprayag,,Uttarakhand,India,Lord Shiva,High altitude Himalayan shrine at origin of Mandakini river.,"{""Morning Aarti"": ""6:00 AM"", ""Evening Aarti"": ""7:00 PM""}","{""Darshan"": ""6:00 AM - 8:00 PM""}","Located in Rudraprayag, Uttarakhand. Reachable by local transport and city railway/road networks. Best visited during morning or evening prayer sessions.",30.7352,79.0669,022 1234 5678,,[],True
shiva-grishneshwar-ellora-caves,Grishneshwar Red Rock Temple – Ellora,Shiva Temple,Ellora,,Maharashtra,India,Lord Shiva,Ahilyabai Holkar rebuilt temple near UNESCO Ellora caves.,"{""Morning Aarti"": ""6:00 AM"", ""Evening Aarti"": ""7:00 PM""}","{""Darshan"": ""6:00 AM - 8:00 PM""}","Located in Ellora, Maharashtra. Reachable by local transport and city railway/road networks. Best visited during morning or evening prayer sessions.",20.0258,75.178,022 1234 5678,,[],True
shiva-nageshwar-darukavana-gujarat,Nageshwar Darukavana Shrine – Dwarka,Shiva Temple,Dwarka,,Gujarat,India,Lord Shiva,Coastal Gujarat shrine featuring 85-foot meditating Shiva statue.,"{""Morning Aarti"": ""6:00 AM"", ""Evening Aarti"": ""7:00 PM""}","{""Darshan"": ""6:00 AM - 8:00 PM""}","Located in Dwarka, Gujarat. Reachable by local transport and city railway/road networks. Best visited during morning or evening prayer sessions.",22.4707,69.086,022 1234 5678,,[],True
shiva-ramanathaswamy-corridor-rameswaram,Ramanathaswamy Long Corridor Temple,Shiva Temple,Rameswaram,,Tamil Nadu,India,Lord Shiva,World's longest stone carved temple corridor on Rameswaram island.,"{""Morning Aarti"": ""6:00 AM"", ""Evening Aarti"": ""7:00 PM""}","{""Darshan"": ""6:00 AM - 8:00 PM""}","Located in Rameswaram, Tamil Nadu. Reachable by local transport and city railway/road networks. Best visited during morning or evening prayer sessions.",9.2881,79.3174,022 1234 5678,,[],True
shiva-mallikarjuna-srisailam-hills,Mallikarjuna Srisailam Temple,Shiva Temple,Srisailam,,Andhra Pradesh,India,Lord Shiva,Nallamala forest mountain shrine overlooking Krishna river.,"{""Morning Aarti"": ""6:00 AM"", ""Evening Aarti"": ""7:00 PM""}","{""Darshan"": ""6:00 AM - 8:00 PM""}","Located in Srisailam, Andhra Pradesh. Reachable by local transport and city railway/road networks. Best visited during morning or evening prayer sessions.",16.0728,78.8686,022 1234 5678,,[],True
shiva-kapaleeshwarar-temple-chennai,Kapaleeshwarar Temple – Mylapore,Shiva Temple,Chennai,,Tamil Nadu,India,Lord Kapaleeshwarar,Classic 7th-century Dravidian temple with rainbow-colored gopuram in Mylapore.,"{""Morning Aarti"": ""6:00 AM"", ""Evening Aarti"": ""7:00 PM""}","{""Darshan"": ""6:00 AM - 8:00 PM""}","Located in Chennai, Tamil Nadu. Reachable by local transport and city railway/road networks. Best visited during morning or evening prayer sessions.",13.0339,80.2697,022 1234 5678,,[],True
shiva-vadakkunnathan-temple-thrissur,Vadakkunnathan Temple – Thrissur,Shiva Temple,Thrissur,,Kerala,India,Lord Vadakkunnathan,Ancient Kerala style hilltop temple host of world-famous Thrissur Pooram.,"{""Morning Aarti"": ""6:00 AM"", ""Evening Aarti"": ""7:00 PM""}","{""Darshan"": ""6:00 AM - 8:00 PM""}","Located in Thrissur, Kerala. Reachable by local transport and city railway/road networks. Best visited during morning or evening prayer sessions.",10.5242,76.2139,022 1234 5678,,[],True
shiva-chinnamastika-shiva-temple,Bhairavnath Shiva Shrine – Rajrappa,Shiva Temple,Ramgarh,,Jharkhand,India,Lord Bhairav Shiva,River confluence shrine adjoining Chinnamasta Devi temple.,"{""Morning Aarti"": ""6:00 AM"", ""Evening Aarti"": ""7:00 PM""}","{""Darshan"": ""6:00 AM - 8:00 PM""}","Located in Ramgarh, Jharkhand. Reachable by local transport and city railway/road networks. Best visited during morning or evening prayer sessions.",23.6306,85.7139,022 1234 5678,,[],True
shiva-kotilingeshwara-temple-kolar,Kotilingeshwara Temple – Kolar,Shiva Temple,Kolar,,Karnataka,India,Lord Shiva,Features world's largest 108-foot Shiva Lingam surrounded by 1 crore lingams.,"{""Morning Aarti"": ""6:00 AM"", ""Evening Aarti"": ""7:00 PM""}","{""Darshan"": ""6:00 AM - 8:00 PM""}","Located in Kolar, Karnataka. Reachable by local transport and city railway/road networks. Best visited during morning or evening prayer sessions.",13.0236,78.3039,022 1234 5678,,[],True
devi-kamakhya-peeth-guwahati,Kamakhya Devi Sanctuary – Assam,Devi Temple,Guwahati,,Assam,India,Goddess Kamakhya,Sacred Tantric seat on Nilachal hill in Assam.,"{""Morning Aarti"": ""6:00 AM"", ""Evening Aarti"": ""7:00 PM""}","{""Darshan"": ""6:00 AM - 8:00 PM""}","Located in Guwahati, Assam. Reachable by local transport and city railway/road networks. Best visited during morning or evening prayer sessions.",26.1664,91.7067,022 1234 5678,,[],True
devi-kalighat-mandir-kolkata,Kalighat Kali Shrine – Kolkata,Devi Temple,Kolkata,,West Bengal,India,Goddess Kali,Sacred Adi Ganga shrine in heart of Kolkata city.,"{""Morning Aarti"": ""6:00 AM"", ""Evening Aarti"": ""7:00 PM""}","{""Darshan"": ""6:00 AM - 8:00 PM""}","Located in Kolkata, West Bengal. Reachable by local transport and city railway/road networks. Best visited during morning or evening prayer sessions.",22.5186,88.3426,022 1234 5678,,[],True
devi-dakshineswar-kali-temple-kolkata,Dakshineswar Kali Temple – Kolkata,Devi Temple,Kolkata,,West Bengal,India,Goddess Bhavatarini,Pristine 1855 temple built by Rani Rashmoni where Sri Ramakrishna Paramahamsa served as priest.,"{""Morning Aarti"": ""6:00 AM"", ""Evening Aarti"": ""7:00 PM""}","{""Darshan"": ""6:00 AM - 8:00 PM""}","Located in Kolkata, West Bengal. Reachable by local transport and city railway/road networks. Best visited during morning or evening prayer sessions.",22.655,88.3575,022 1234 5678,,[],True
devi-kanaka-durga-temple-vijayawada,Kanaka Durga Temple – Vijayawada,Devi Temple,Vijayawada,,Andhra Pradesh,India,Goddess Kanaka Durga,Sits atop Indrakeeladri hill along Krishna river in Vijayawada.,"{""Morning Aarti"": ""6:00 AM"", ""Evening Aarti"": ""7:00 PM""}","{""Darshan"": ""6:00 AM - 8:00 PM""}","Located in Vijayawada, Andhra Pradesh. Reachable by local transport and city railway/road networks. Best visited during morning or evening prayer sessions.",16.5161,80.6081,022 1234 5678,,[],True
devi-sree-bhadrakali-temple-attukal,Attukal Bhagavathy Temple – Thiruvananthapuram,Devi Temple,Thiruvananthapuram,,Kerala,India,Goddess Attukal Bhagavathy,Sabarimala of Women famous for Guinness record Attukal Pongala gathering.,"{""Morning Aarti"": ""6:00 AM"", ""Evening Aarti"": ""7:00 PM""}","{""Darshan"": ""6:00 AM - 8:00 PM""}","Located in Thiruvananthapuram, Kerala. Reachable by local transport and city railway/road networks. Best visited during morning or evening prayer sessions.",8.4725,76.9536,022 1234 5678,,[],True
devi-chottanikara-temple-kochi,Chottanikkara Bhagavathy Temple – Kochi,Devi Temple,Kochi,,Kerala,India,Goddess Rajarajeshwari,Renowned for healing mental ailments through divine motherly grace.,"{""Morning Aarti"": ""6:00 AM"", ""Evening Aarti"": ""7:00 PM""}","{""Darshan"": ""6:00 AM - 8:00 PM""}","Located in Kochi, Kerala. Reachable by local transport and city railway/road networks. Best visited during morning or evening prayer sessions.",9.9322,76.3922,022 1234 5678,,[],True
devi-bhramara-ambika-temple-srisailam,Bhramaramba Devi Temple – Srisailam,Devi Temple,Srisailam,,Andhra Pradesh,India,Goddess Bhramaramba,Shakti Peetha shrine inside Mallikarjuna Srisailam complex.,"{""Morning Aarti"": ""6:00 AM"", ""Evening Aarti"": ""7:00 PM""}","{""Darshan"": ""6:00 AM - 8:00 PM""}","Located in Srisailam, Andhra Pradesh. Reachable by local transport and city railway/road networks. Best visited during morning or evening prayer sessions.",16.0728,78.8686,022 1234 5678,,[],True
devi-katil-durgaparameshwari-temple,Kateel Durgaparameshwari Temple – Mangalore,Devi Temple,Mangalore,,Karnataka,India,Goddess Durgaparameshwari,Picturesque temple situated on an island in middle of sacred Nandini river.,"{""Morning Aarti"": ""6:00 AM"", ""Evening Aarti"": ""7:00 PM""}","{""Darshan"": ""6:00 AM - 8:00 PM""}","Located in Mangalore, Karnataka. Reachable by local transport and city railway/road networks. Best visited during morning or evening prayer sessions.",13.0236,74.8483,022 1234 5678,,[],True
devi-horanadu-annapoorneshwari-temple,Annapoorneshwari Temple – Horanadu,Devi Temple,Chikkamagaluru,,Karnataka,India,Goddess Annapoorneshwari,"Nestled in Western Ghats, offers free food and shelter to every visitor.","{""Morning Aarti"": ""6:00 AM"", ""Evening Aarti"": ""7:00 PM""}","{""Darshan"": ""6:00 AM - 8:00 PM""}","Located in Chikkamagaluru, Karnataka. Reachable by local transport and city railway/road networks. Best visited during morning or evening prayer sessions.",13.2708,75.34,022 1234 5678,,[],True
devi-kollur-mookambika-temple,Mookambika Temple – Kollur,Devi Temple,Udupi,,Karnataka,India,Goddess Mookambika,"At foothills of Kodachadri in Western Ghats, founded by Adi Shankaracharya.","{""Morning Aarti"": ""6:00 AM"", ""Evening Aarti"": ""7:00 PM""}","{""Darshan"": ""6:00 AM - 8:00 PM""}","Located in Udupi, Karnataka. Reachable by local transport and city railway/road networks. Best visited during morning or evening prayer sessions.",13.8647,74.8142,022 1234 5678,,[],True
hanuman-kashtabhanjan-dev-temple-sarangpur,Shree Kashtabhanjan Dev Hanumanji – Sarangpur,Hanuman Temple,Sarangpur,,Gujarat,India,Lord Hanuman,Famous Swaminarayan shrine where Lord Hanuman frees devotees from spirits and trouble.,"{""Morning Aarti"": ""6:00 AM"", ""Evening Aarti"": ""7:00 PM""}","{""Darshan"": ""6:00 AM - 8:00 PM""}","Located in Sarangpur, Gujarat. Reachable by local transport and city railway/road networks. Best visited during morning or evening prayer sessions.",22.1467,71.7825,022 1234 5678,,[],True
hanuman-marutam-temple-connaught-place,Pracheen Hanuman Mandir – Delhi,Hanuman Temple,New Delhi,,Delhi,India,Lord Hanuman,Mahabharata-era temple in Connaught Place holding continuous Sri Ram Jai Ram chanting record.,"{""Morning Aarti"": ""6:00 AM"", ""Evening Aarti"": ""7:00 PM""}","{""Darshan"": ""6:00 AM - 8:00 PM""}","Located in New Delhi, Delhi. Reachable by local transport and city railway/road networks. Best visited during morning or evening prayer sessions.",28.6294,77.2147,022 1234 5678,,[],True
hanuman-maruti-temple-girgaum,Girgaon Babulnath Hanuman Mandir – Mumbai,Hanuman Temple,Mumbai,,Maharashtra,India,Lord Hanuman,Historic South Mumbai shrine popular among devotees on Saturdays.,"{""Morning Aarti"": ""6:00 AM"", ""Evening Aarti"": ""7:00 PM""}","{""Darshan"": ""6:00 AM - 8:00 PM""}","Located in Mumbai, Maharashtra. Reachable by local transport and city railway/road networks. Best visited during morning or evening prayer sessions.",18.9558,72.8128,022 1234 5678,,[],True
hanuman-sankat-mochan-shimla,Sankat Mochan Temple – Shimla,Hanuman Temple,Shimla,,Himachal Pradesh,India,Lord Hanuman,Serene mountain shrine established by Neem Karoli Baba in 1966.,"{""Morning Aarti"": ""6:00 AM"", ""Evening Aarti"": ""7:00 PM""}","{""Darshan"": ""6:00 AM - 8:00 PM""}","Located in Shimla, Himachal Pradesh. Reachable by local transport and city railway/road networks. Best visited during morning or evening prayer sessions.",31.0944,77.1375,022 1234 5678,,[],True
hanuman-kainchi-dham-neem-karoli,Kainchi Dham Ashram – Nainital,Hanuman Temple,Nainital,,Uttarakhand,India,Lord Hanuman & Neem Karoli Baba,World-famous ashram of Neem Karoli Baba visited by Steve Jobs and Mark Zuckerberg.,"{""Morning Aarti"": ""6:00 AM"", ""Evening Aarti"": ""7:00 PM""}","{""Darshan"": ""6:00 AM - 8:00 PM""}","Located in Nainital, Uttarakhand. Reachable by local transport and city railway/road networks. Best visited during morning or evening prayer sessions.",29.4217,79.5153,022 1234 5678,,[],True
hanuman-bade-hanuman-mandir-prayagraj,Bade Hanuman Mandir (Lying Hanuman) – Prayagraj,Hanuman Temple,Prayagraj,,Uttar Pradesh,India,Lord Hanuman,Unique temple near Sangam featuring 20-foot reclining idol below ground level.,"{""Morning Aarti"": ""6:00 AM"", ""Evening Aarti"": ""7:00 PM""}","{""Darshan"": ""6:00 AM - 8:00 PM""}","Located in Prayagraj, Uttar Pradesh. Reachable by local transport and city railway/road networks. Best visited during morning or evening prayer sessions.",25.4322,81.8842,022 1234 5678,,[],True
sacred-somnath-gujarat-coastal,Somnath Coastal Pilgrimage Sanctuary,Sacred,Prabhas Patan,,Gujarat,India,Lord Shiva,Prabhas Kshetra coastal pilgrimage zone.,"{""Morning Aarti"": ""6:00 AM"", ""Evening Aarti"": ""7:00 PM""}","{""Darshan"": ""6:00 AM - 8:00 PM""}","Located in Prabhas Patan, Gujarat. Reachable by local transport and city railway/road networks. Best visited during morning or evening prayer sessions.",20.888,70.4012,022 1234 5678,,[],True
sacred-sabarimala-sree-dharma-sastha-temple,Sabarimala Sree Dharma Sastha Temple,Sacred,Pathanamthitta,,Kerala,India,Lord Ayyappa,World-renowned Western Ghats pilgrimage destination drawing millions of black-clad devotees.,"{""Morning Aarti"": ""6:00 AM"", ""Evening Aarti"": ""7:00 PM""}","{""Darshan"": ""6:00 AM - 8:00 PM""}","Located in Pathanamthitta, Kerala. Reachable by local transport and city railway/road networks. Best visited during morning or evening prayer sessions.",9.4344,77.0811,022 1234 5678,,[],True
sacred-palani-murugan-temple,Palani Murugan Temple – Dindigul,Sacred,Palani,,Tamil Nadu,India,Lord Murugan,First abode of Lord Murugan (Arupadaiveedu) set on Sivagiri hill.,"{""Morning Aarti"": ""6:00 AM"", ""Evening Aarti"": ""7:00 PM""}","{""Darshan"": ""6:00 AM - 8:00 PM""}","Located in Palani, Tamil Nadu. Reachable by local transport and city railway/road networks. Best visited during morning or evening prayer sessions.",10.4503,77.5203,022 1234 5678,,[],True
sacred-swamimalai-murugan-temple,Swamimalai Murugan Temple – Thanjavur,Sacred,Kumbakonam,,Tamil Nadu,India,Lord Murugan,Sacred shrine where child Murugan expounded the meaning of Omkara to father Shiva.,"{""Morning Aarti"": ""6:00 AM"", ""Evening Aarti"": ""7:00 PM""}","{""Darshan"": ""6:00 AM - 8:00 PM""}","Located in Kumbakonam, Tamil Nadu. Reachable by local transport and city railway/road networks. Best visited during morning or evening prayer sessions.",10.9567,79.3242,022 1234 5678,,[],True
sacred-thiruthani-murugan-temple,Tiruttani Murugan Temple – Tiruvallur,Sacred,Tiruttani,,Tamil Nadu,India,Lord Murugan,Hilltop shrine featuring 365 steps representing days of the year.,"{""Morning Aarti"": ""6:00 AM"", ""Evening Aarti"": ""7:00 PM""}","{""Darshan"": ""6:00 AM - 8:00 PM""}","Located in Tiruttani, Tamil Nadu. Reachable by local transport and city railway/road networks. Best visited during morning or evening prayer sessions.",13.1783,79.6083,022 1234 5678,,[],True
sacred-thiruparankundram-murugan-temple,Thiruparankundram Murugan Temple – Madurai,Sacred,Madurai,,Tamil Nadu,India,Lord Murugan,Rock-cut temple where Lord Murugan married Deivanai.,"{""Morning Aarti"": ""6:00 AM"", ""Evening Aarti"": ""7:00 PM""}","{""Darshan"": ""6:00 AM - 8:00 PM""}","Located in Madurai, Tamil Nadu. Reachable by local transport and city railway/road networks. Best visited during morning or evening prayer sessions.",9.8817,78.0717,022 1234 5678,,[],True
sacred-pazhamudircholai-murugan-temple,Pazhamudircholai Murugan Temple – Madurai,Sacred,Madurai,,Tamil Nadu,India,Lord Murugan,Dense woodland hill shrine dedicated to Lord Murugan with Valli and Deivanai.,"{""Morning Aarti"": ""6:00 AM"", ""Evening Aarti"": ""7:00 PM""}","{""Darshan"": ""6:00 AM - 8:00 PM""}","Located in Madurai, Tamil Nadu. Reachable by local transport and city railway/road networks. Best visited during morning or evening prayer sessions.",10.0917,78.215,022 1234 5678,,[],True
sacred-tiruchendur-murugan-temple,Tiruchendur Murugan Temple – Thoothukudi,Sacred,Tiruchendur,,Tamil Nadu,India,Lord Murugan,Seashore temple where Lord Murugan vanquished demon Surapadman.,"{""Morning Aarti"": ""6:00 AM"", ""Evening Aarti"": ""7:00 PM""}","{""Darshan"": ""6:00 AM - 8:00 PM""}","Located in Tiruchendur, Tamil Nadu. Reachable by local transport and city railway/road networks. Best visited during morning or evening prayer sessions.",8.4964,78.1289,022 1234 5678,,[],True
sacred-shravanabelagola-gommateshwara,Gommateshwara Statue – Shravanabelagola,Sacred,Hassan,,Karnataka,India,Lord Bahubali,Colossal 57-foot monolithic statue host of grand Mahamastakabhisheka festival.,"{""Morning Aarti"": ""6:00 AM"", ""Evening Aarti"": ""7:00 PM""}","{""Darshan"": ""6:00 AM - 8:00 PM""}","Located in Hassan, Karnataka. Reachable by local transport and city railway/road networks. Best visited during morning or evening prayer sessions.",12.8589,76.4864,022 1234 5678,,[],True
sacred-belur-math-ramakrishna-mission,Belur Math – Howrah,Sacred,Howrah,,West Bengal,India,Sri Ramakrishna Paramahamsa,"Headquarters of Ramakrishna Math & Mission combining Hindu, Christian, Islamic architectural elements.","{""Morning Aarti"": ""6:00 AM"", ""Evening Aarti"": ""7:00 PM""}","{""Darshan"": ""6:00 AM - 8:00 PM""}","Located in Howrah, West Bengal. Reachable by local transport and city railway/road networks. Best visited during morning or evening prayer sessions.",22.6319,88.3556,022 1234 5678,,[],True
sacred-mayapur-chandrodaya-mandir,Temple of Vedic Planetarium (TOVP) – Mayapur,Sacred,Mayapur,,West Bengal,India,Radha Madhava,World headquarters of ISKCON featuring one of largest domes in religious architecture.,"{""Morning Aarti"": ""6:00 AM"", ""Evening Aarti"": ""7:00 PM""}","{""Darshan"": ""6:00 AM - 8:00 PM""}","Located in Mayapur, West Bengal. Reachable by local transport and city railway/road networks. Best visited during morning or evening prayer sessions.",23.4244,88.3878,022 1234 5678,,[],True
sacred-sammed-shikharji-parasnath,Sammed Shikharji – Giridih,Sacred,Giridih,,Jharkhand,India,Jain Tirthankaras,Holiest Jain pilgrimage site where 20 of 24 Tirthankaras attained Nirvana.,"{""Morning Aarti"": ""6:00 AM"", ""Evening Aarti"": ""7:00 PM""}","{""Darshan"": ""6:00 AM - 8:00 PM""}","Located in Giridih, Jharkhand. Reachable by local transport and city railway/road networks. Best visited during morning or evening prayer sessions.",23.9631,86.1481,022 1234 5678,,[],True
sacred-dilwara-jain-temples-mount-abu,Dilwara Temples – Mount Abu,Sacred,Mount Abu,,Rajasthan,India,Jain Tirthankaras,World famous 11th to 13th century marble carved Jain temples.,"{""Morning Aarti"": ""6:00 AM"", ""Evening Aarti"": ""7:00 PM""}","{""Darshan"": ""6:00 AM - 8:00 PM""}","Located in Mount Abu, Rajasthan. Reachable by local transport and city railway/road networks. Best visited during morning or evening prayer sessions.",24.6022,74.7214,022 1234 5678,,[],True
sacred-ranakpur-jain-temple-pali,Ranakpur Jain Temple – Pali,Sacred,Ranakpur,,Rajasthan,India,Lord Adinath,"1,444 uniquely carved marble pillars support this architectural wonder.","{""Morning Aarti"": ""6:00 AM"", ""Evening Aarti"": ""7:00 PM""}","{""Darshan"": ""6:00 AM - 8:00 PM""}","Located in Ranakpur, Rajasthan. Reachable by local transport and city railway/road networks. Best visited during morning or evening prayer sessions.",25.1158,73.4731,022 1234 5678,,[],True
sacred-karni-mata-temple-deshnoke,Karni Mata Temple (Rat Temple) – Deshnoke,Sacred,Bikaner,,Rajasthan,India,Karni Mata,"Famous shrine harboring 25,000 revered holy black rats (Kabbas).","{""Morning Aarti"": ""6:00 AM"", ""Evening Aarti"": ""7:00 PM""}","{""Darshan"": ""6:00 AM - 8:00 PM""}","Located in Bikaner, Rajasthan. Reachable by local transport and city railway/road networks. Best visited during morning or evening prayer sessions.",27.7908,73.3411,022 1234 5678,,[],True
sacred-tanot-mata-temple-jaisalmer,Tanot Mata Temple – Jaisalmer,Sacred,Jaisalmer,,Rajasthan,India,Tanot Rai Mata,Miraculous border shrine maintained by BSF where enemy unexploded bombs are displayed.,"{""Morning Aarti"": ""6:00 AM"", ""Evening Aarti"": ""7:00 PM""}","{""Darshan"": ""6:00 AM - 8:00 PM""}","Located in Jaisalmer, Rajasthan. Reachable by local transport and city railway/road networks. Best visited during morning or evening prayer sessions.",27.35,70.3667,022 1234 5678,,[],True
sacred-brahma-temple-pushkar,Brahma Temple – Pushkar,Sacred,Pushkar,,Rajasthan,India,Lord Brahma,One of very few existing temples in the world dedicated to Creator Lord Brahma.,"{""Morning Aarti"": ""6:00 AM"", ""Evening Aarti"": ""7:00 PM""}","{""Darshan"": ""6:00 AM - 8:00 PM""}","Located in Pushkar, Rajasthan. Reachable by local transport and city railway/road networks. Best visited during morning or evening prayer sessions.",26.4883,74.5508,022 1234 5678,,[],True
sacred-khatu-shyam-temple-sikar,Khatu Shyam Ji Temple – Sikar,Sacred,Sikar,,Rajasthan,India,Khatu Shyam (Barbarika),Revered shrine in Rajasthan visited by millions for fulfillment of prayers.,"{""Morning Aarti"": ""6:00 AM"", ""Evening Aarti"": ""7:00 PM""}","{""Darshan"": ""6:00 AM - 8:00 PM""}","Located in Sikar, Rajasthan. Reachable by local transport and city railway/road networks. Best visited during morning or evening prayer sessions.",27.3653,75.4011,022 1234 5678,,[],True
sacred-trinetra-ganesh-temple-ranthambore,Trinetra Ganesh Temple – Ranthambore,Sacred,Sawai Madhopur,,Rajasthan,India,Three-Eyed Lord Ganesha,Situated inside historic Ranthambore Fort where invitation letters are mailed by devotees.,"{""Morning Aarti"": ""6:00 AM"", ""Evening Aarti"": ""7:00 PM""}","{""Darshan"": ""6:00 AM - 8:00 PM""}","Located in Sawai Madhopur, Rajasthan. Reachable by local transport and city railway/road networks. Best visited during morning or evening prayer sessions.",26.0189,76.4542,022 1234 5678,,[],True
sacred-chamundeshwari-hill-mysore,Chamundi Hill Sanctuary – Mysuru,Sacred,Mysuru,,Karnataka,India,Goddess Chamundeshwari,Royal guardian shrine of Mysuru Wodeyar dynasty.,"{""Morning Aarti"": ""6:00 AM"", ""Evening Aarti"": ""7:00 PM""}","{""Darshan"": ""6:00 AM - 8:00 PM""}","Located in Mysuru, Karnataka. Reachable by local transport and city railway/road networks. Best visited during morning or evening prayer sessions.",12.2753,76.6704,022 1234 5678,,[],True
sacred-kukke-subramanya-temple,Kukke Subramanya Temple – Dakshina Kannada,Sacred,Subramanya,,Karnataka,India,Lord Subramanya,Revered serpent shrine famous for Sarpa Samskara and Ashlesha Bali pujas.,"{""Morning Aarti"": ""6:00 AM"", ""Evening Aarti"": ""7:00 PM""}","{""Darshan"": ""6:00 AM - 8:00 PM""}","Located in Subramanya, Karnataka. Reachable by local transport and city railway/road networks. Best visited during morning or evening prayer sessions.",12.6631,75.6178,022 1234 5678,,[],True
sacred-udupi-sri-krishna-matha,Udupi Sri Krishna Matha – Udupi,Sacred,Udupi,,Karnataka,India,Lord Krishna,Founded by Dvaita philosopher Madhvacharya; darshan viewed through Kanakana Kindi window.,"{""Morning Aarti"": ""6:00 AM"", ""Evening Aarti"": ""7:00 PM""}","{""Darshan"": ""6:00 AM - 8:00 PM""}","Located in Udupi, Karnataka. Reachable by local transport and city railway/road networks. Best visited during morning or evening prayer sessions.",13.3408,74.7819,022 1234 5678,,[],True
sacred-murudeshwar-coastal-temple,Murudeshwar Coastal Sanctuary,Sacred,Murudeshwar,,Karnataka,India,Lord Shiva,Panoramic coastal complex featuring colossal Shiva statue.,"{""Morning Aarti"": ""6:00 AM"", ""Evening Aarti"": ""7:00 PM""}","{""Darshan"": ""6:00 AM - 8:00 PM""}","Located in Murudeshwar, Karnataka. Reachable by local transport and city railway/road networks. Best visited during morning or evening prayer sessions.",14.0942,74.4849,022 1234 5678,,[],True
sacred-gokarna-mahabaleshwar-temple,Mahabaleshwar Temple – Gokarna,Sacred,Gokarna,,Karnataka,India,Lord Shiva (Atmalinga),Sacred coastal town housing the original Atmalinga bestowed upon Ravana.,"{""Morning Aarti"": ""6:00 AM"", ""Evening Aarti"": ""7:00 PM""}","{""Darshan"": ""6:00 AM - 8:00 PM""}","Located in Gokarna, Karnataka. Reachable by local transport and city railway/road networks. Best visited during morning or evening prayer sessions.",14.5433,74.3164,022 1234 5678,,[],True
sacred-triprayar-srama-temple-thrissur,Triprayar Sree Rama Temple – Thrissur,Sacred,Thrissur,,Kerala,India,Lord Ram,Major Sri Rama shrine along Karuvannur river visited during Nalambalam yatra.,"{""Morning Aarti"": ""6:00 AM"", ""Evening Aarti"": ""7:00 PM""}","{""Darshan"": ""6:00 AM - 8:00 PM""}","Located in Thrissur, Kerala. Reachable by local transport and city railway/road networks. Best visited during morning or evening prayer sessions.",10.4167,76.1167,022 1234 5678,,[],True
sacred-thiruvalla-sree-vallabha-temple,Sree Vallabha Temple – Thiruvalla,Sacred,Thiruvalla,,Kerala,India,Lord Sree Vallabha,Ancient Divya Desam where Kathakali performance is conducted nightly as ritual offering.,"{""Morning Aarti"": ""6:00 AM"", ""Evening Aarti"": ""7:00 PM""}","{""Darshan"": ""6:00 AM - 8:00 PM""}","Located in Thiruvalla, Kerala. Reachable by local transport and city railway/road networks. Best visited during morning or evening prayer sessions.",9.3833,76.575,022 1234 5678,,[],True
sacred-ambalappuzha-sree-krishna-temple,Ambalappuzha Sri Krishna Temple – Alappuzha,Sacred,Ambalapuzha,,Kerala,India,Lord Krishna,Famous for delicious sweet milk porridge offering (Ambalapuzha Payasam).,"{""Morning Aarti"": ""6:00 AM"", ""Evening Aarti"": ""7:00 PM""}","{""Darshan"": ""6:00 AM - 8:00 PM""}","Located in Ambalapuzha, Kerala. Reachable by local transport and city railway/road networks. Best visited during morning or evening prayer sessions.",9.3817,76.3639,022 1234 5678,,[],True
sacred-arankula-parthasarathy-temple,Aranmula Parthasarathy Temple – Pathanamthitta,Sacred,Aranmula,,Kerala,India,Lord Krishna (Parthasarathy),"On Pamba river bank, home of famous metal mirror (Aranmula Kannadi) & Snake Boat Race.","{""Morning Aarti"": ""6:00 AM"", ""Evening Aarti"": ""7:00 PM""}","{""Darshan"": ""6:00 AM - 8:00 PM""}","Located in Aranmula, Kerala. Reachable by local transport and city railway/road networks. Best visited during morning or evening prayer sessions.",9.3333,76.6833,022 1234 5678,,[],True
sacred-janardhana-swamy-temple-varkala,Janardhana Swamy Temple – Varkala,Sacred,Varkala,,Kerala,India,Lord Vishnu,"2,000-year-old cliffside temple overlooking Arabian Sea and Papanasam beach.","{""Morning Aarti"": ""6:00 AM"", ""Evening Aarti"": ""7:00 PM""}","{""Darshan"": ""6:00 AM - 8:00 PM""}","Located in Varkala, Kerala. Reachable by local transport and city railway/road networks. Best visited during morning or evening prayer sessions.",8.7308,76.7119,022 1234 5678,,[],True
sacred-nagaraja-temple-nagercoil,Nagaraja Temple – Nagercoil,Sacred,Nagercoil,,Tamil Nadu,India,King of Serpents,Unique temple where main deity is Nagaraja under thatched roof with sand floor.,"{""Morning Aarti"": ""6:00 AM"", ""Evening Aarti"": ""7:00 PM""}","{""Darshan"": ""6:00 AM - 8:00 PM""}","Located in Nagercoil, Tamil Nadu. Reachable by local transport and city railway/road networks. Best visited during morning or evening prayer sessions.",8.1833,77.4333,022 1234 5678,,[],True
sacred-suchindram-thanumalayan-temple,Thanumalayan Temple – Suchindram,Sacred,Suchindram,,Tamil Nadu,India,"Trimurti (Shiva, Vishnu, Brahma)",Features musical stone pillars and 22-foot monolithic Hanuman statue.,"{""Morning Aarti"": ""6:00 AM"", ""Evening Aarti"": ""7:00 PM""}","{""Darshan"": ""6:00 AM - 8:00 PM""}","Located in Suchindram, Tamil Nadu. Reachable by local transport and city railway/road networks. Best visited during morning or evening prayer sessions.",8.1567,77.465,022 1234 5678,,[],True
sacred-srivilliputhur-andal-temple,Srivilliputhur Andal Temple – Virudhunagar,Sacred,Srivilliputhur,,Tamil Nadu,India,Goddess Andal & Lord Ranganatha,Birthplace of Goddess Andal; its 192-foot Gopuram is official emblem of Tamil Nadu government.,"{""Morning Aarti"": ""6:00 AM"", ""Evening Aarti"": ""7:00 PM""}","{""Darshan"": ""6:00 AM - 8:00 PM""}","Located in Srivilliputhur, Tamil Nadu. Reachable by local transport and city railway/road networks. Best visited during morning or evening prayer sessions.",9.51,77.6322,022 1234 5678,,[],True
sacred-oppiliappan-temple-kumbakonam,Uppiliappan Temple – Kumbakonam,Sacred,Kumbakonam,,Tamil Nadu,India,Lord Uppiliappan,Divya Desam shrine where salt is strictly excluded from all prasadam offerings.,"{""Morning Aarti"": ""6:00 AM"", ""Evening Aarti"": ""7:00 PM""}","{""Darshan"": ""6:00 AM - 8:00 PM""}","Located in Kumbakonam, Tamil Nadu. Reachable by local transport and city railway/road networks. Best visited during morning or evening prayer sessions.",10.9389,79.4267,022 1234 5678,,[],True
sacred-sarangapani-temple-kumbakonam,Sarangapani Temple – Kumbakonam,Sacred,Kumbakonam,,Tamil Nadu,India,Lord Sarangapani,Chariot-shaped Vishnu temple built by Cholas and Nayaks.,"{""Morning Aarti"": ""6:00 AM"", ""Evening Aarti"": ""7:00 PM""}","{""Darshan"": ""6:00 AM - 8:00 PM""}","Located in Kumbakonam, Tamil Nadu. Reachable by local transport and city railway/road networks. Best visited during morning or evening prayer sessions.",10.9583,79.375,022 1234 5678,,[],True
sacred-kumbeshwarar-temple-kumbakonam,Adi Kumbeswarar Temple – Kumbakonam,Sacred,Kumbakonam,,Tamil Nadu,India,Lord Shiva,Center of Mahamaham festival celebrated once every 12 years at holy tank.,"{""Morning Aarti"": ""6:00 AM"", ""Evening Aarti"": ""7:00 PM""}","{""Darshan"": ""6:00 AM - 8:00 PM""}","Located in Kumbakonam, Tamil Nadu. Reachable by local transport and city railway/road networks. Best visited during morning or evening prayer sessions.",10.9589,79.37,022 1234 5678,,[],True
sacred-varadharaja-perumal-temple-kanchipuram,Varadharaja Perumal Temple – Kanchipuram,Sacred,Kanchipuram,,Tamil Nadu,India,Lord Varadharaja,Sprawling 23-acre Divya Desam featuring 100-pillar hall and silver/gold lizard carvings.,"{""Morning Aarti"": ""6:00 AM"", ""Evening Aarti"": ""7:00 PM""}","{""Darshan"": ""6:00 AM - 8:00 PM""}","Located in Kanchipuram, Tamil Nadu. Reachable by local transport and city railway/road networks. Best visited during morning or evening prayer sessions.",12.8183,79.7247,022 1234 5678,,[],True
sacred-kamakshi-amman-temple-kanchipuram,Kamakshi Amman Temple – Kanchipuram,Sacred,Kanchipuram,,Tamil Nadu,India,Goddess Kamakshi,Prime seat of Shakti in South India alongside Kanchi Kamakoti Peetham.,"{""Morning Aarti"": ""6:00 AM"", ""Evening Aarti"": ""7:00 PM""}","{""Darshan"": ""6:00 AM - 8:00 PM""}","Located in Kanchipuram, Tamil Nadu. Reachable by local transport and city railway/road networks. Best visited during morning or evening prayer sessions.",12.84,79.7028,022 1234 5678,,[],True
sacred-vaitheeswaran-koil-mayiladuthurai,Vaitheeswaran Koil – Mayiladuthurai,Sacred,Mayiladuthurai,,Tamil Nadu,India,Lord Vaidyanathar (Shiva),Navagraha temple dedicated to Mars (Angaraka) revered for healing skin illnesses.,"{""Morning Aarti"": ""6:00 AM"", ""Evening Aarti"": ""7:00 PM""}","{""Darshan"": ""6:00 AM - 8:00 PM""}","Located in Mayiladuthurai, Tamil Nadu. Reachable by local transport and city railway/road networks. Best visited during morning or evening prayer sessions.",11.2003,79.7128,022 1234 5678,,[],True
sacred-thirunageswaram-naganathar-temple,Thirunageswaram Naganathar Temple,Sacred,Kumbakonam,,Tamil Nadu,India,Rahu Bhagavan,Navagraha Rahu temple where milk poured over Rahu turns blue.,"{""Morning Aarti"": ""6:00 AM"", ""Evening Aarti"": ""7:00 PM""}","{""Darshan"": ""6:00 AM - 8:00 PM""}","Located in Kumbakonam, Tamil Nadu. Reachable by local transport and city railway/road networks. Best visited during morning or evening prayer sessions.",10.9636,79.4319,022 1234 5678,,[],True
sacred-alangudi-guru-temple,Apatsahayesvarar Temple – Alangudi,Sacred,Valangaiman,,Tamil Nadu,India,Guru Bhagavan (Jupiter),Navagraha temple dedicated to Lord Guru (Jupiter).,"{""Morning Aarti"": ""6:00 AM"", ""Evening Aarti"": ""7:00 PM""}","{""Darshan"": ""6:00 AM - 8:00 PM""}","Located in Valangaiman, Tamil Nadu. Reachable by local transport and city railway/road networks. Best visited during morning or evening prayer sessions.",10.8933,79.41,022 1234 5678,,[],True
sacred-thingalur-chandran-temple,Kailasanathar Temple – Thingalur,Sacred,Thanjavur,,Tamil Nadu,India,Chandran Bhagavan (Moon),Navagraha temple dedicated to Moon God Chandran.,"{""Morning Aarti"": ""6:00 AM"", ""Evening Aarti"": ""7:00 PM""}","{""Darshan"": ""6:00 AM - 8:00 PM""}","Located in Thanjavur, Tamil Nadu. Reachable by local transport and city railway/road networks. Best visited during morning or evening prayer sessions.",10.9,79.0833,022 1234 5678,,[],True
sacred-kanchanur-sukran-temple,Agniswarar Temple – Kanchanur,Sacred,Kumbakonam,,Tamil Nadu,India,Sukran Bhagavan (Venus),Navagraha temple dedicated to Lord Sukra.,"{""Morning Aarti"": ""6:00 AM"", ""Evening Aarti"": ""7:00 PM""}","{""Darshan"": ""6:00 AM - 8:00 PM""}","Located in Kumbakonam, Tamil Nadu. Reachable by local transport and city railway/road networks. Best visited during morning or evening prayer sessions.",11.0333,79.4833,022 1234 5678,,[],True
sacred-thirunallar-saneeswaran-temple,Dharbaranyeswarar Temple – Thirunallar,Sacred,Karaikal,,Puducherry,India,Saneeswaran (Saturn),Navagraha temple dedicated to Lord Shani.,"{""Morning Aarti"": ""6:00 AM"", ""Evening Aarti"": ""7:00 PM""}","{""Darshan"": ""6:00 AM - 8:00 PM""}","Located in Karaikal, Puducherry. Reachable by local transport and city railway/road networks. Best visited during morning or evening prayer sessions.",10.93,79.79,022 1234 5678,,[],True
sacred-kethu-temple-keelaperumpallam,Naganathaswamy Temple – Keelaperumpallam,Sacred,Mayiladuthurai,,Tamil Nadu,India,Kethu Bhagavan,Navagraha temple dedicated to Kethu.,"{""Morning Aarti"": ""6:00 AM"", ""Evening Aarti"": ""7:00 PM""}","{""Darshan"": ""6:00 AM - 8:00 PM""}","Located in Mayiladuthurai, Tamil Nadu. Reachable by local transport and city railway/road networks. Best visited during morning or evening prayer sessions.",11.1333,79.8333,022 1234 5678,,[],True
sacred-suryanar-kovil-kumbakonam,Suryanar Kovil – Kumbakonam,Sacred,Kumbakonam,,Tamil Nadu,India,Surya Bhagavan (Sun),Dedicated to Sun God Surya surrounded by shrines for all 8 other planetary deities.,"{""Morning Aarti"": ""6:00 AM"", ""Evening Aarti"": ""7:00 PM""}","{""Darshan"": ""6:00 AM - 8:00 PM""}","Located in Kumbakonam, Tamil Nadu. Reachable by local transport and city railway/road networks. Best visited during morning or evening prayer sessions.",11.0308,79.4756,022 1234 5678,,[],True
sacred-ramatheertham-vizianagaram,Ramatheertham Temple – Vizianagaram,Sacred,Vizianagaram,,Andhra Pradesh,India,Lord Ram,"3,000-year-old historic site with Lord Ram temple and ancient Buddhist ruins.","{""Morning Aarti"": ""6:00 AM"", ""Evening Aarti"": ""7:00 PM""}","{""Darshan"": ""6:00 AM - 8:00 PM""}","Located in Vizianagaram, Andhra Pradesh. Reachable by local transport and city railway/road networks. Best visited during morning or evening prayer sessions.",18.1667,83.4833,022 1234 5678,,[],True
sacred-draksharamam-bheemeswara-temple,Draksharamam Bheemeswara Temple – Kakinada,Sacred,Kakinada,,Andhra Pradesh,India,Lord Shiva & Manikyamba Devi,Pancha Rama Kshetra and Shakti Peetha known as Dakshina Kashi.,"{""Morning Aarti"": ""6:00 AM"", ""Evening Aarti"": ""7:00 PM""}","{""Darshan"": ""6:00 AM - 8:00 PM""}","Located in Kakinada, Andhra Pradesh. Reachable by local transport and city railway/road networks. Best visited during morning or evening prayer sessions.",16.7936,82.0628,022 1234 5678,,[],True
sacred-amararamam-amaraswaraswamy-temple,Amareswara Swamy Temple – Amaravati,Sacred,Amaravati,,Andhra Pradesh,India,Lord Shiva,Pancha Rama Kshetra shrine along Krishna river in Amaravati.,"{""Morning Aarti"": ""6:00 AM"", ""Evening Aarti"": ""7:00 PM""}","{""Darshan"": ""6:00 AM - 8:00 PM""}","Located in Amaravati, Andhra Pradesh. Reachable by local transport and city railway/road networks. Best visited during morning or evening prayer sessions.",16.5814,80.3564,022 1234 5678,,[],True
sacred-somaramam-someshwara-swamy-temple,Someshwara Swamy Temple – Bhimavaram,Sacred,Bhimavaram,,Andhra Pradesh,India,Lord Shiva,Pancha Rama Kshetra where lingam changes color according to lunar phase.,"{""Morning Aarti"": ""6:00 AM"", ""Evening Aarti"": ""7:00 PM""}","{""Darshan"": ""6:00 AM - 8:00 PM""}","Located in Bhimavaram, Andhra Pradesh. Reachable by local transport and city railway/road networks. Best visited during morning or evening prayer sessions.",16.5414,81.5233,022 1234 5678,,[],True
sacred-ksheeraramam-ksheera-ramalingeswara,Ksheera Ramalingeswara Temple – Palakollu,Sacred,Palakollu,,Andhra Pradesh,India,Lord Shiva,Pancha Rama Kshetra with 120-foot tall white Rajagopuram.,"{""Morning Aarti"": ""6:00 AM"", ""Evening Aarti"": ""7:00 PM""}","{""Darshan"": ""6:00 AM - 8:00 PM""}","Located in Palakollu, Andhra Pradesh. Reachable by local transport and city railway/road networks. Best visited during morning or evening prayer sessions.",16.5175,81.7289,022 1234 5678,,[],True
sacred-kumararamam-bhimeswara-swamy,Kumara Bhimeswara Swamy Temple – Samalkota,Sacred,Samalkota,,Andhra Pradesh,India,Lord Shiva,Pancha Rama Kshetra housing 14-foot limestone lingam.,"{""Morning Aarti"": ""6:00 AM"", ""Evening Aarti"": ""7:00 PM""}","{""Darshan"": ""6:00 AM - 8:00 PM""}","Located in Samalkota, Andhra Pradesh. Reachable by local transport and city railway/road networks. Best visited during morning or evening prayer sessions.",17.05,82.1833,022 1234 5678,,[],True
sacred-yadadri-narasimha-swamy-temple,Yadadri Sri Lakshmi Narasimha Temple,Sacred,Yadadri Bhuvanagiri,,Telangana,India,Lord Narasimha,Magnificent newly reconstructed cave temple carved entirely in black granite.,"{""Morning Aarti"": ""6:00 AM"", ""Evening Aarti"": ""7:00 PM""}","{""Darshan"": ""6:00 AM - 8:00 PM""}","Located in Yadadri Bhuvanagiri, Telangana. Reachable by local transport and city railway/road networks. Best visited during morning or evening prayer sessions.",17.5897,78.9481,022 1234 5678,,[],True
sacred-bhadrachalam-sita-ramachandra-swamy,Sita Ramachandra Swamy Temple – Bhadrachalam,Sacred,Bhadrachalam,,Telangana,India,Lord Ram & Sita,Famous Godavari riverbank shrine where Lord Ram crossed during search for Sita.,"{""Morning Aarti"": ""6:00 AM"", ""Evening Aarti"": ""7:00 PM""}","{""Darshan"": ""6:00 AM - 8:00 PM""}","Located in Bhadrachalam, Telangana. Reachable by local transport and city railway/road networks. Best visited during morning or evening prayer sessions.",17.6689,80.8872,022 1234 5678,,[],True
sacred-thousand-pillar-temple-warangal,Thousand Pillar Temple – Warangal,Sacred,Hanumakonda,,Telangana,India,Kakatiya Trimurti,Historic 1163 AD Kakatiya architectural marvel featuring monolithic polished Nandi.,"{""Morning Aarti"": ""6:00 AM"", ""Evening Aarti"": ""7:00 PM""}","{""Darshan"": ""6:00 AM - 8:00 PM""}","Located in Hanumakonda, Telangana. Reachable by local transport and city railway/road networks. Best visited during morning or evening prayer sessions.",18.0036,79.5742,022 1234 5678,,[],True
sacred-ramappa-temple-mulugu,Ramappa Temple – Mulugu,Sacred,Mulugu,,Telangana,India,Lord Ramalingeswara,UNESCO World Heritage Site engineered with floating bricks and carved sandbox foundations.,"{""Morning Aarti"": ""6:00 AM"", ""Evening Aarti"": ""7:00 PM""}","{""Darshan"": ""6:00 AM - 8:00 PM""}","Located in Mulugu, Telangana. Reachable by local transport and city railway/road networks. Best visited during morning or evening prayer sessions.",18.2583,79.9406,022 1234 5678,,[],True
sacred-gnana-saraswathi-temple-basar,Gnana Saraswathi Temple – Basar,Sacred,Nirmal,,Telangana,India,Goddess Saraswati,Rare Goddess Saraswati temple on Godavari banks famous for Akshara Abhyasam child initiation.,"{""Morning Aarti"": ""6:00 AM"", ""Evening Aarti"": ""7:00 PM""}","{""Darshan"": ""6:00 AM - 8:00 PM""}","Located in Nirmal, Telangana. Reachable by local transport and city railway/road networks. Best visited during morning or evening prayer sessions.",18.8783,77.9542,022 1234 5678,,[],True
sacred-kondagattu-anjaneya-swamy-temple,Kondagattu Anjaneya Swamy Temple – Jagtial,Sacred,Jagtial,,Telangana,India,Lord Hanuman,Hilltop Hanuman shrine surrounded by scenic forests in Karimnagar district.,"{""Morning Aarti"": ""6:00 AM"", ""Evening Aarti"": ""7:00 PM""}","{""Darshan"": ""6:00 AM - 8:00 PM""}","Located in Jagtial, Telangana. Reachable by local transport and city railway/road networks. Best visited during morning or evening prayer sessions.",18.6667,78.9333,022 1234 5678,,[],True
sacred-veerabhadra-temple-lepakshi,Veerabhadra Temple – Lepakshi,Sacred,Anantapur,,Andhra Pradesh,India,Lord Veerabhadra,"Vijayanagara masterwork famous for Hanging Pillar, giant monolithic Nandi, and footprint of Sita.","{""Morning Aarti"": ""6:00 AM"", ""Evening Aarti"": ""7:00 PM""}","{""Darshan"": ""6:00 AM - 8:00 PM""}","Located in Anantapur, Andhra Pradesh. Reachable by local transport and city railway/road networks. Best visited during morning or evening prayer sessions.",13.8017,77.6094,022 1234 5678,,[],True
sacred-mahabodhi-temple-bodh-gaya,Mahabodhi Temple Complex – Bodh Gaya,Sacred,Gaya,,Bihar,India,Lord Buddha,UNESCO World Heritage site marking exact location where Buddha attained Enlightenment.,"{""Morning Aarti"": ""6:00 AM"", ""Evening Aarti"": ""7:00 PM""}","{""Darshan"": ""6:00 AM - 8:00 PM""}","Located in Gaya, Bihar. Reachable by local transport and city railway/road networks. Best visited during morning or evening prayer sessions.",24.696,84.9914,022 1234 5678,,[],True
sacred-vishnupad-temple-gaya,Vishnupad Temple – Gaya,Sacred,Gaya,,Bihar,India,Lord Vishnu Footprint,On Phalgu riverbank featuring 40 cm footprint of Lord Vishnu embedded in solid rock.,"{""Morning Aarti"": ""6:00 AM"", ""Evening Aarti"": ""7:00 PM""}","{""Darshan"": ""6:00 AM - 8:00 PM""}","Located in Gaya, Bihar. Reachable by local transport and city railway/road networks. Best visited during morning or evening prayer sessions.",24.7775,85.0078,022 1234 5678,,[],True
sacred-patan-devi-temple-patna,Badi Patan Devi Temple – Patna,Sacred,Patna,,Bihar,India,Goddess Patneshwari,Oldest sacred temple of Patna city associated with Sati's right thigh.,"{""Morning Aarti"": ""6:00 AM"", ""Evening Aarti"": ""7:00 PM""}","{""Darshan"": ""6:00 AM - 8:00 PM""}","Located in Patna, Bihar. Reachable by local transport and city railway/road networks. Best visited during morning or evening prayer sessions.",25.6167,85.1833,022 1234 5678,,[],True
sacred-mahavir-mandir-patna,Mahavir Mandir – Patna,Sacred,Patna,,Bihar,India,Lord Hanuman,One of North India's wealthiest temple trusts located near Patna Junction.,"{""Morning Aarti"": ""6:00 AM"", ""Evening Aarti"": ""7:00 PM""}","{""Darshan"": ""6:00 AM - 8:00 PM""}","Located in Patna, Bihar. Reachable by local transport and city railway/road networks. Best visited during morning or evening prayer sessions.",25.6119,85.1314,022 1234 5678,,[],True
sacred-janaki-mandir-sitamarhi,Punaura Dham Janaki Temple – Sitamarhi,Sacred,Sitamarhi,,Bihar,India,Goddess Sita,Birthplace of Mata Sita where King Janaka plowed the earth.,"{""Morning Aarti"": ""6:00 AM"", ""Evening Aarti"": ""7:00 PM""}","{""Darshan"": ""6:00 AM - 8:00 PM""}","Located in Sitamarhi, Bihar. Reachable by local transport and city railway/road networks. Best visited during morning or evening prayer sessions.",26.5936,85.4858,022 1234 5678,,[],True
sacred-mundeshwari-devi-temple-kaimur,Mundeshwari Devi Temple – Kaimur,Sacred,Kaimur,,Bihar,India,Mundeshwari (Durga) & Shiva,Considered the oldest functional stone temple in India dating back to 108 AD.,"{""Morning Aarti"": ""6:00 AM"", ""Evening Aarti"": ""7:00 PM""}","{""Darshan"": ""6:00 AM - 8:00 PM""}","Located in Kaimur, Bihar. Reachable by local transport and city railway/road networks. Best visited during morning or evening prayer sessions.",24.9667,83.5667,022 1234 5678,,[],True
sacred-gorakhnath-temple-gorakhpur,Gorakhnath Temple – Gorakhpur,Sacred,Gorakhpur,,Uttar Pradesh,India,Guru Gorakhnath,Seat of Nath monastic order celebrating grand Makar Sankranti Khichdi mela.,"{""Morning Aarti"": ""6:00 AM"", ""Evening Aarti"": ""7:00 PM""}","{""Darshan"": ""6:00 AM - 8:00 PM""}","Located in Gorakhpur, Uttar Pradesh. Reachable by local transport and city railway/road networks. Best visited during morning or evening prayer sessions.",26.7725,83.3644,022 1234 5678,,[],True
sacred-tulsi-manas-temple-varanasi,Tulsi Manas Mandir – Varanasi,Sacred,Varanasi,,Uttar Pradesh,India,Lord Ram,Marble wall temple where Goswami Tulsidas composed Hindi epic Ramcharitmanas.,"{""Morning Aarti"": ""6:00 AM"", ""Evening Aarti"": ""7:00 PM""}","{""Darshan"": ""6:00 AM - 8:00 PM""}","Located in Varanasi, Uttar Pradesh. Reachable by local transport and city railway/road networks. Best visited during morning or evening prayer sessions.",25.2858,82.9997,022 1234 5678,,[],True
sacred-vibhuti-narayan-fort-temple-ramnagar,Ramnagar Fort Temple – Varanasi,Sacred,Varanasi,,Uttar Pradesh,India,Lord Ved Vyasa,Historic fort across Ganga famous for 200-year-old traditional Ramlila.,"{""Morning Aarti"": ""6:00 AM"", ""Evening Aarti"": ""7:00 PM""}","{""Darshan"": ""6:00 AM - 8:00 PM""}","Located in Varanasi, Uttar Pradesh. Reachable by local transport and city railway/road networks. Best visited during morning or evening prayer sessions.",25.2678,83.0239,022 1234 5678,,[],True
sacred-naini-devi-temple-nainital,Naina Devi Temple – Nainital,Sacred,Nainital,,Uttarakhand,India,Goddess Naina Devi,Picturesque shrine located on northern shore of Naini Lake.,"{""Morning Aarti"": ""6:00 AM"", ""Evening Aarti"": ""7:00 PM""}","{""Darshan"": ""6:00 AM - 8:00 PM""}","Located in Nainital, Uttarakhand. Reachable by local transport and city railway/road networks. Best visited during morning or evening prayer sessions.",29.3956,79.4589,022 1234 5678,,[],True
sacred-triyuginarayan-temple-rudraprayag,Triyuginarayan Temple – Rudraprayag,Sacred,Rudraprayag,,Uttarakhand,India,Lord Vishnu & Shiva-Parvati,Celestial wedding venue of Lord Shiva and Goddess Parvati where eternal flame still burns.,"{""Morning Aarti"": ""6:00 AM"", ""Evening Aarti"": ""7:00 PM""}","{""Darshan"": ""6:00 AM - 8:00 PM""}","Located in Rudraprayag, Uttarakhand. Reachable by local transport and city railway/road networks. Best visited during morning or evening prayer sessions.",30.6406,78.9817,022 1234 5678,,[],True
sacred-dhari-devi-temple-srinagar-garhwal,Dhari Devi Temple – Srinagar Garhwal,Sacred,Pauri Garhwal,,Uttarakhand,India,Goddess Dhari Devi,Guardian deity of Uttarakhand Chardham sitting over Alaknanda river.,"{""Morning Aarti"": ""6:00 AM"", ""Evening Aarti"": ""7:00 PM""}","{""Darshan"": ""6:00 AM - 8:00 PM""}","Located in Pauri Garhwal, Uttarakhand. Reachable by local transport and city railway/road networks. Best visited during morning or evening prayer sessions.",30.2525,78.8475,022 1234 5678,,[],True
sacred-neelkanth-mahadev-temple-rishikesh,Neelkanth Mahadev Temple – Rishikesh,Sacred,Pauri Garhwal,,Uttarakhand,India,Lord Shiva,Set amid Manikoot hills where Shiva consumed Halahala poison during Samudra Manthan.,"{""Morning Aarti"": ""6:00 AM"", ""Evening Aarti"": ""7:00 PM""}","{""Darshan"": ""6:00 AM - 8:00 PM""}","Located in Pauri Garhwal, Uttarakhand. Reachable by local transport and city railway/road networks. Best visited during morning or evening prayer sessions.",30.0847,78.3364,022 1234 5678,,[],True
sacred-tapkeshwar-temple-dehradun,Tapkeshwar Mahadev Temple – Dehradun,Sacred,Dehradun,,Uttarakhand,India,Lord Shiva,Cave temple where water continuously drips naturally on shivalinga.,"{""Morning Aarti"": ""6:00 AM"", ""Evening Aarti"": ""7:00 PM""}","{""Darshan"": ""6:00 AM - 8:00 PM""}","Located in Dehradun, Uttarakhand. Reachable by local transport and city railway/road networks. Best visited during morning or evening prayer sessions.",30.3475,78.0125,022 1234 5678,,[],True
sacred-kasar-devi-temple-almora,Kasar Devi Temple – Almora,Sacred,Almora,,Uttarakhand,India,Goddess Kasar Devi,Set in geomagnetic Van Allen belt visited by Swami Vivekananda and Bob Dylan.,"{""Morning Aarti"": ""6:00 AM"", ""Evening Aarti"": ""7:00 PM""}","{""Darshan"": ""6:00 AM - 8:00 PM""}","Located in Almora, Uttarakhand. Reachable by local transport and city railway/road networks. Best visited during morning or evening prayer sessions.",29.6342,79.6739,022 1234 5678,,[],True
sacred-jageshwar-dham-almora,Jageshwar Dham Temple Complex – Almora,Sacred,Almora,,Uttarakhand,India,Lord Shiva,Cluster of 124 ancient stone temples nestled in dense Deodar pine forest valley.,"{""Morning Aarti"": ""6:00 AM"", ""Evening Aarti"": ""7:00 PM""}","{""Darshan"": ""6:00 AM - 8:00 PM""}","Located in Almora, Uttarakhand. Reachable by local transport and city railway/road networks. Best visited during morning or evening prayer sessions.",29.6417,79.8517,022 1234 5678,,[],True
sacred-baijnath-temple-bageshwar,Baijnath Temple Complex – Bageshwar,Sacred,Bageshwar,,Uttarakhand,India,Lord Shiva & Parvati,12th-century Katyuri architecture temple complex on Gomti river bank.,"{""Morning Aarti"": ""6:00 AM"", ""Evening Aarti"": ""7:00 PM""}","{""Darshan"": ""6:00 AM - 8:00 PM""}","Located in Bageshwar, Uttarakhand. Reachable by local transport and city railway/road networks. Best visited during morning or evening prayer sessions.",29.9078,79.6178,022 1234 5678,,[],True
sacred-purnagiri-devi-temple-champawat,Purnagiri Devi Temple – Champawat,Sacred,Champawat,,Uttarakhand,India,Goddess Purnagiri,"Perched at 3,000 meters on Kali river bank near Nepal border.","{""Morning Aarti"": ""6:00 AM"", ""Evening Aarti"": ""7:00 PM""}","{""Darshan"": ""6:00 AM - 8:00 PM""}","Located in Champawat, Uttarakhand. Reachable by local transport and city railway/road networks. Best visited during morning or evening prayer sessions.",29.1167,80.2,022 1234 5678,,[],True
sacred-hadimba-devi-temple-manali,Hidimba Devi Temple – Manali,Sacred,Kullu,,Himachal Pradesh,India,Goddess Hidimba,Unique 1553 pagoda wooden temple surrounded by giant Dhungri van cedar trees.,"{""Morning Aarti"": ""6:00 AM"", ""Evening Aarti"": ""7:00 PM""}","{""Darshan"": ""6:00 AM - 8:00 PM""}","Located in Kullu, Himachal Pradesh. Reachable by local transport and city railway/road networks. Best visited during morning or evening prayer sessions.",32.2475,77.1814,022 1234 5678,,[],True
sacred-bijli-mahadev-temple-kullu,Bijli Mahadev Temple – Kullu,Sacred,Kullu,,Himachal Pradesh,India,Lord Shiva,High hill shrine where lightning strikes 60-foot pole and shivalinga is restored with butter.,"{""Morning Aarti"": ""6:00 AM"", ""Evening Aarti"": ""7:00 PM""}","{""Darshan"": ""6:00 AM - 8:00 PM""}","Located in Kullu, Himachal Pradesh. Reachable by local transport and city railway/road networks. Best visited during morning or evening prayer sessions.",31.9478,77.1478,022 1234 5678,,[],True
sacred-vashisht-kund-temple-manali,Vashisht Temple & Hot Springs – Manali,Sacred,Kullu,,Himachal Pradesh,India,Sage Vashisht & Lord Ram,Ancient wooden temple next to natural therapeutic sulfur hot springs.,"{""Morning Aarti"": ""6:00 AM"", ""Evening Aarti"": ""7:00 PM""}","{""Darshan"": ""6:00 AM - 8:00 PM""}","Located in Kullu, Himachal Pradesh. Reachable by local transport and city railway/road networks. Best visited during morning or evening prayer sessions.",32.2611,77.1889,022 1234 5678,,[],True
sacred-triloknath-temple-lahaul,Triloknath Temple – Lahaul Valley,Sacred,Lahaul and Spiti,,Himachal Pradesh,India,Lord Shiva & Avalokiteshvara,Unique high-altitude shrine revered equally by Hindus (Shiva) and Buddhists (Avalokiteshvara).,"{""Morning Aarti"": ""6:00 AM"", ""Evening Aarti"": ""7:00 PM""}","{""Darshan"": ""6:00 AM - 8:00 PM""}","Located in Lahaul and Spiti, Himachal Pradesh. Reachable by local transport and city railway/road networks. Best visited during morning or evening prayer sessions.",32.6892,76.6917,022 1234 5678,,[],True
sacred-mahakali-temple-pavagadh,Kalika Mata Temple – Pavagadh,Shakti Peetha,Panchmahal,,Gujarat,India,Goddess Mahakali,"Hilltop Shakti Peetha reached via Pavagadh ropeway or 2,000 stone steps.","{""Morning Aarti"": ""6:00 AM"", ""Evening Aarti"": ""7:00 PM""}","{""Darshan"": ""6:00 AM - 8:00 PM""}","Located in Panchmahal, Gujarat. Reachable by local transport and city railway/road networks. Best visited during morning or evening prayer sessions.",22.4642,73.5222,022 1234 5678,,[],True
sacred-bala-hanuman-temple-jamnagar,Shri Bala Hanuman Temple – Jamnagar,Hanuman Temple,Jamnagar,,Gujarat,India,Lord Hanuman,Guinness World Record holder for continuous non-stop 'Ram Dhun' chanting since 1964.,"{""Morning Aarti"": ""6:00 AM"", ""Evening Aarti"": ""7:00 PM""}","{""Darshan"": ""6:00 AM - 8:00 PM""}","Located in Jamnagar, Gujarat. Reachable by local transport and city railway/road networks. Best visited during morning or evening prayer sessions.",22.4744,70.0719,022 1234 5678,,[],True
sacred-bhalkeeshwar-temple-veraval,Bhalka Tirth – Veraval,Sacred,Veraval,,Gujarat,India,Lord Krishna,Sacred spot under banyan tree where Lord Krishna ended his earthly avatar.,"{""Morning Aarti"": ""6:00 AM"", ""Evening Aarti"": ""7:00 PM""}","{""Darshan"": ""6:00 AM - 8:00 PM""}","Located in Veraval, Gujarat. Reachable by local transport and city railway/road networks. Best visited during morning or evening prayer sessions.",20.9,70.3667,022 1234 5678,,[],True
sacred-gopnath-mahadev-temple-bhavnagar,Gopnath Mahadev Temple – Bhavnagar,Shiva Temple,Bhavnagar,,Gujarat,India,Lord Shiva,Seashore shrine where Saint Narsinh Mehta experienced divine Ras Leela vision.,"{""Morning Aarti"": ""6:00 AM"", ""Evening Aarti"": ""7:00 PM""}","{""Darshan"": ""6:00 AM - 8:00 PM""}","Located in Bhavnagar, Gujarat. Reachable by local transport and city railway/road networks. Best visited during morning or evening prayer sessions.",21.2167,72.1167,022 1234 5678,,[],True
sacred-tarnetar-mahadev-temple-surendranagar,Trinetreshwar Mahadev Temple – Tarnetar,Shiva Temple,Surendranagar,,Gujarat,India,Lord Shiva,Historic site of annual Tarnetar traditional fair and matchmaking festival.,"{""Morning Aarti"": ""6:00 AM"", ""Evening Aarti"": ""7:00 PM""}","{""Darshan"": ""6:00 AM - 8:00 PM""}","Located in Surendranagar, Gujarat. Reachable by local transport and city railway/road networks. Best visited during morning or evening prayer sessions.",22.4833,71.2333,022 1234 5678,,[],True
sacred-sun-temple-modhera,Sun Temple – Modhera,Sacred,Mehsana,,Gujarat,India,Surya Bhagavan,1026 AD Solanki dynasty architectural wonder with 52 intricately carved pillars and Surya Kund.,"{""Morning Aarti"": ""6:00 AM"", ""Evening Aarti"": ""7:00 PM""}","{""Darshan"": ""6:00 AM - 8:00 PM""}","Located in Mehsana, Gujarat. Reachable by local transport and city railway/road networks. Best visited during morning or evening prayer sessions.",23.5836,72.1331,022 1234 5678,,[],True
sacred-somnath-mahadham-gujarat,Somnath Maha Kshetra,Sacred,Prabhas Patan,,Gujarat,India,Lord Shiva,Hallowed ground of Prabhas Teertha.,"{""Morning Aarti"": ""6:00 AM"", ""Evening Aarti"": ""7:00 PM""}","{""Darshan"": ""6:00 AM - 8:00 PM""}","Located in Prabhas Patan, Gujarat. Reachable by local transport and city railway/road networks. Best visited during morning or evening prayer sessions.",20.888,70.4012,022 1234 5678,,[],True
sacred-somnath-jyotirling-gujarat-core,Somnath Temple Complex,Sacred,Prabhas Patan,,Gujarat,India,Lord Shiva,Core Somnath shrine area.,"{""Morning Aarti"": ""6:00 AM"", ""Evening Aarti"": ""7:00 PM""}","{""Darshan"": ""6:00 AM - 8:00 PM""}","Located in Prabhas Patan, Gujarat. Reachable by local transport and city railway/road networks. Best visited during morning or evening prayer sessions.",20.888,70.4012,022 1234 5678,,[],True
