Time(s), Energy
0.0, 187.01620
0.1, 99.25285
0.2, 1957.13745
0.3, 3474.43286
0.4, 3038.80859
0.5, 2464.09326
0.6, 1968.65515
0.7, 1712.71863
0.8, 2589.22729
0.9, 3325.41138
1.0, 2435.77881
1.1, 1991.80957
1.2, 1994.84961
1.3, 2982.87793
1.4, 3406.34106
1.5, 3100.60620
1.6, 2471.91528
1.7, 1732.82556
1.8, 1984.02673
1.9, 2349.65625
2.0, 2230.98511
2.1, 1930.50513
2.2, 1992.89355
2.3, 2502.27686
2.4, 2750.03418
2.5, 2677.66650
2.6, 2241.32812
2.7, 2212.18604
2.8, 1893.57727
2.9, 2434.47192
3.0, 3469.35034
3.1, 2831.91040
3.2, 2601.86572
3.3, 2081.59424
3.4, 1883.95544
3.5, 2147.75732
3.6, 2179.75073
3.7, 1847.61963
3.8, 1685.12512
3.9, 1712.58630
4.0, 2647.52808
4.1, 2467.73047
4.2, 2295.08521
4.3, 2008.29407
4.4, 1718.73633
4.5, 2271.17017
4.6, 2184.90576
4.7, 1839.91248
4.8, 1705.05835
4.9, 1701.19287
5.0, 2700.61011
5.1, 2399.32495
5.2, 2011.42834
5.3, 2168.46631
5.4, 2481.27124
5.5, 1766.57849
5.6, 2062.54004
5.7, 2641.75928
5.8, 2392.15991
5.9, 2161.03247
6.0, 1729.96729
6.1, 1500.16528
6.2, 2315.26196
6.3, 2114.31519
6.4, 1560.96936
6.5, 1563.51782
6.6, 1661.33777
6.7, 2544.90649
6.8, 2093.48022
6.9, 1964.48157
7.0, 1850.42700
7.1, 1333.75745
7.2, 2001.59509
7.3, 1846.04175
7.4, 1599.21838
7.5, 1844.01880
7.6, 2065.11401
7.7, 2824.43140
7.8, 2346.36450
7.9, 1911.58740
8.0, 2125.21680
8.1, 2017.85071
8.2, 1984.73157
8.3, 2424.29175
8.4, 2350.32935
8.5, 2208.95142
8.6, 2137.97363
8.7, 2177.81543
8.8, 2301.78442
8.9, 2172.65918
9.0, 2429.31396
9.1, 2044.92542
9.2, 1618.01416
9.3, 2438.59106
9.4, 2263.09668
9.5, 1888.73792
9.6, 1639.61426
9.7, 1420.72131
9.8, 2272.52319
9.9, 2411.29419
10.0, 1883.54016
10.1, 1934.97961
10.2, 2169.19580
10.3, 2392.38037
10.4, 2610.83105
10.5, 2300.92578
10.6, 2049.19458
10.7, 2100.59155
10.8, 2289.11792
10.9, 1782.29846
11.0, 3345.86890
11.1, 3166.29712
11.2, 2623.25879
11.3, 2372.60278
11.4, 2222.17212
11.5, 3485.61060
11.6, 3567.69629
11.7, 2638.93604
11.8, 2380.69141
11.9, 2770.43262
12.0, 2890.67529
12.1, 2943.96558
12.2, 2925.16895
12.3, 2606.72827
12.4, 2157.17407
12.5, 2507.12036
12.6, 2382.04614
12.7, 2050.88867
12.8, 2196.86768
12.9, 2214.92822
13.0, 3151.33447
13.1, 3031.21021
13.2, 2755.10010
13.3, 2885.07495
13.4, 2665.22266
13.5, 2583.99292
13.6, 2564.46484
13.7, 3338.81665
13.8, 3323.13354
13.9, 2950.48462
14.0, 2971.00708
14.1, 2497.60425
14.2, 3033.79785
14.3, 2749.58350
14.4, 2359.69385
14.5, 2173.25269
14.6, 2316.40649
14.7, 3180.77856
14.8, 2518.07910
14.9, 2499.95435
15.0, 2357.04077
15.1, 2358.86475
15.2, 3273.49487
15.3, 3110.73633
15.4, 2584.03345
15.5, 3144.59375
15.6, 2771.66528
15.7, 2965.86450
15.8, 2869.23706
15.9, 2863.86255
16.0, 2447.64722
16.1, 2685.52002
16.2, 2464.29419
16.3, 2617.61694
16.4, 2760.46753
16.5, 2276.45581
16.6, 1858.83044
16.7, 1764.75842
16.8, 2510.16455
16.9, 2818.16040
17.0, 2312.07642
17.1, 1939.34875
17.2, 2128.53638
17.3, 3206.33496
17.4, 3229.45801
17.5, 2677.49951
17.6, 2509.64795
17.7, 2310.41187
17.8, 2437.74780
17.9, 2797.81494
18.0, 2502.47339
18.1, 2146.48828
18.2, 2808.37085
18.3, 2755.60376
18.4, 2455.08130
18.5, 2215.87402
18.6, 1939.13477
18.7, 2482.19800
18.8, 2353.55688
18.9, 2274.41748
19.0, 2471.12451
19.1, 2156.48413
19.2, 2065.37378
19.3, 2475.92358
19.4, 2066.56616
19.5, 2179.01392
19.6, 2093.02954
19.7, 2189.44702
19.8, 1833.21704
19.9, 1830.94946
20.0, 2844.38843
20.1, 2206.28320
20.2, 2226.11328
20.3, 2009.38074
20.4, 1826.67407
20.5, 1981.79651
20.6, 1509.78711
20.7, 1401.15503
20.8, 1820.97839
20.9, 1861.37390
21.0, 2599.79565
21.1, 2346.34570
21.2, 2106.74390
21.3, 2001.86475
21.4, 1771.58386
21.5, 1267.54907
21.6, 3442.70166
21.7, 3990.44800
21.8, 2055.88794
21.9, 1717.92859
22.0, 1538.55701
22.1, 1359.92078
22.2, 1814.53442
22.3, 4649.98975
22.4, 1366.75671
22.5, 1073.85693
22.6, 1056.12305
22.7, 1980.53003
22.8, 1730.92639
22.9, 1559.19849
23.0, 4513.98291
23.1, 1164.95166
23.2, 1372.11951
23.3, 1341.85669
23.4, 1115.63818
23.5, 1142.31689
23.6, 4354.75537
23.7, 1454.62451
23.8, 915.81512
23.9, 819.71594
24.0, 1031.24280
24.1, 905.80200
24.2, 721.51996
24.3, 4490.81152
24.4, 1257.39856
24.5, 926.32367
24.6, 828.78687
24.7, 763.22235
24.8, 916.93390
24.9, 883.75256
25.0, 4427.87793
25.1, 728.97314
25.2, 714.95813
25.3, 1092.63489
25.4, 895.45050
25.5, 733.37402
25.6, 2481.50586
25.7, 3651.78345
25.8, 901.00043
25.9, 1000.14404
26.0, 763.60394
26.1, 757.02667
26.2, 730.20178
26.3, 4540.89990
26.4, 1177.91626
26.5, 981.80884
26.6, 834.20850
26.7, 699.56128
26.8, 750.10791
26.9, 754.15912
27.0, 4536.86963
27.1, 879.98462
27.2, 762.51959
27.3, 697.07745
27.4, 664.99231
27.5, 968.68842
27.6, 3759.83154
27.7, 2446.39941
27.8, 688.51581
27.9, 765.32977
28.0, 1132.82153
28.1, 964.50128
28.2, 849.60706
28.3, 4338.74072
28.4, 992.77655
28.5, 807.50586
28.6, 708.05743
28.7, 550.82007
28.8, 590.06250
28.9, 801.64087
29.0, 4517.97949
29.1, 866.65961
29.2, 772.76862
29.3, 764.03986
29.4, 726.67456
29.5, 670.28906
29.6, 3287.15063
29.7, 3246.31104
29.8, 972.40002
29.9, 866.80280
30.0, 766.06525
30.1, 898.46228
30.2, 1042.15137
30.3, 4421.93506
30.4, 982.89172
30.5, 674.50519
30.6, 905.58435
30.7, 1011.49738
30.8, 882.20367
30.9, 770.48297
31.0, 4382.93262
31.1, 799.79608
31.2, 944.80304
31.3, 724.26917
31.4, 647.95685
31.5, 846.69257
31.6, 4333.67480
31.7, 1400.69922
31.8, 889.65118
31.9, 923.09454
32.0, 1020.98749
32.1, 916.45776
32.2, 831.90826
32.3, 4427.51807
32.4, 1001.04462
32.5, 816.14166
32.6, 770.22345
32.7, 2573.13379
32.8, 4458.65039
32.9, 5285.50781
33.0, 6445.54443
33.1, 3821.31909
33.2, 2334.81128
33.3, 3053.84399
33.4, 4099.40137
33.5, 3386.43408
33.6, 5106.32959
33.7, 3886.96118
33.8, 2761.00146
33.9, 1601.25586
34.0, 1726.17969
34.1, 3899.93164
34.2, 4688.99658
34.3, 5734.26953
34.4, 3733.81738
34.5, 3445.38281
34.6, 3310.60840
34.7, 2434.01562
34.8, 2394.59058
34.9, 3826.94946
35.0, 5798.54102
35.1, 3987.40942
35.2, 3567.62622
35.3, 3349.11597
35.4, 3388.34058
35.5, 3455.49341
35.6, 5449.53174
35.7, 3320.86743
35.8, 3215.44580
35.9, 1926.40967
36.0, 3109.12695
36.1, 3618.33667
36.2, 3191.81763
36.3, 5599.97021
36.4, 4451.34473
36.5, 3886.22656
36.6, 2143.24780
36.7, 2401.94482
36.8, 2885.20679
36.9, 2865.72388
37.0, 5264.40625
37.1, 2505.77856
37.2, 2335.61084
37.3, 2325.25293
37.4, 2040.98901
37.5, 2095.20947
37.6, 2972.46216
37.7, 3986.81714
37.8, 1751.21509
37.9, 1729.70581
38.0, 1600.46838
38.1, 1475.82068
38.2, 1514.49524
38.3, 4612.08936
38.4, 1431.36755
38.5, 1462.01709
38.6, 1507.50903
38.7, 1789.34326
38.8, 1615.92090
38.9, 1946.81677
39.0, 4181.76514
39.1, 1157.41711
39.2, 1278.20483
39.3, 1316.71484
39.4, 1304.56824
39.5, 1259.28210
39.6, 3832.66113
39.7, 3557.75171
39.8, 1416.23682
39.9, 1380.02820
40.0, 1271.04785
40.1, 1016.91449
40.2, 1005.98706
40.3, 4695.56055
40.4, 1666.30310
40.5, 1251.50696
40.6, 1181.67834
40.7, 1228.96851
40.8, 1369.55579
40.9, 1618.64783
41.0, 4632.75830
41.1, 1444.29614
41.2, 1552.51636
41.3, 1512.52502
41.4, 1280.06250
41.5, 1214.49768
41.6, 4396.02002
41.7, 1607.25537
41.8, 1045.31152
41.9, 1120.22742
42.0, 1027.96484
42.1, 1094.94922
42.2, 1384.56470
42.3, 4409.85498
42.4, 1467.60535
42.5, 1373.27124
42.6, 1347.68054
42.7, 1142.41772
42.8, 1292.96619
42.9, 1388.61035
43.0, 4826.58789
43.1, 1285.63318
43.2, 1145.47791
43.3, 1144.76965
43.4, 1049.87036
43.5, 1344.44519
43.6, 3935.34814
43.7, 2587.34131
43.8, 881.63409
43.9, 718.14758
44.0, 1243.20496
44.1, 1077.95068
44.2, 947.65771
44.3, 4324.74414
44.4, 1010.16931
44.5, 808.15033
44.6, 708.85223
44.7, 650.45959
44.8, 732.54602
44.9, 818.27881
45.0, 4551.70605
45.1, 1041.45044
45.2, 901.53247
45.3, 916.52026
45.4, 848.61566
45.5, 817.32721
45.6, 4270.75586
45.7, 1160.37048
45.8, 760.66803
45.9, 622.97766
46.0, 2189.91919
46.1, 4896.69922
46.2, 3497.43066
46.3, 5113.88770
46.4, 4400.94189
46.5, 3602.89160
46.6, 4098.71045
46.7, 3590.99927
46.8, 3621.25488
46.9, 3561.71387
47.0, 5870.58887
47.1, 3438.13257
47.2, 3266.42871
47.3, 3325.57397
47.4, 1783.01147
47.5, 2098.64282
47.6, 4609.53711
47.7, 5310.46240
47.8, 4183.29443
47.9, 3312.67725
48.0, 2751.72827
48.1, 2561.77954
48.2, 2985.86523
48.3, 5144.89355
48.4, 3595.68115
48.5, 3627.94629
48.6, 3139.97363
48.7, 2583.32471
48.8, 2458.19629
48.9, 2757.24170
49.0, 4611.57910
49.1, 2208.99902
49.2, 1973.12793
49.3, 2024.56384
49.4, 2079.89722
49.5, 1581.58655
49.6, 3500.38477
49.7, 3426.12939
49.8, 1269.18799
49.9, 1377.02441
50.0, 1264.93896
50.1, 1064.50159
50.2, 1136.97937
50.3, 4585.60156
50.4, 1693.22705
50.5, 1390.96948
50.6, 1198.67773
50.7, 1150.51062
50.8, 1195.82031
50.9, 1143.50415
51.0, 4534.97656
51.1, 1178.30383
51.2, 1061.82288
51.3, 910.36243
51.4, 882.64270
51.5, 1139.21631
51.6, 4411.87744
51.7, 1440.37769
51.8, 852.86450
51.9, 754.69159
52.0, 1366.88818
52.1, 1256.67554
52.2, 1084.16528
52.3, 4294.30078
52.4, 906.67596
52.5, 935.09155
52.6, 877.39185
52.7, 841.61591
52.8, 724.14520
52.9, 676.83105
53.0, 4746.15381
53.1, 1161.52490
53.2, 975.09155
53.3, 1060.10144
53.4, 968.37048
53.5, 1039.32324
53.6, 3904.66260
53.7, 2797.47949
53.8, 1433.12769
53.9, 1283.24707
54.0, 1328.29688
54.1, 1384.52502
54.2, 3854.34180
54.3, 5520.12402
54.4, 4154.30127
54.5, 3366.99683
54.6, 3020.57422
54.7, 2572.07031
54.8, 2234.79834
54.9, 1574.43127
55.0, 4608.80029
55.1, 1208.04785
55.2, 1371.57068
55.3, 1295.44702
55.4, 2260.53906
55.5, 3278.56226
55.6, 5146.80029
55.7, 2453.22021
55.8, 3326.45703
55.9, 1688.24390
56.0, 3214.08472
56.1, 2840.52295
56.2, 2296.95337
56.3, 4712.56738
56.4, 1497.69910
56.5, 1287.32825
56.6, 1006.70233
56.7, 1089.84888
56.8, 1447.01282
56.9, 4500.25830
57.0, 5178.62354
57.1, 2880.62744
57.2, 2504.97632
57.3, 2322.91382
57.4, 1987.05823
57.5, 3248.38574
57.6, 3637.58765
57.7, 4235.87646
57.8, 2156.95801
57.9, 1980.79395
58.0, 2543.70068
58.1, 2403.36987
58.2, 2151.06982
58.3, 5193.13086
58.4, 2706.15503
58.5, 2654.21826
58.6, 2571.57153
58.7, 3150.17285
58.8, 2637.35791
58.9, 2137.23975
59.0, 4562.86377
59.1, 2032.73401
59.2, 1661.01892
59.3, 1453.95593
59.4, 2679.38013
59.5, 5026.29541
59.6, 4597.49219
59.7, 4216.26807
59.8, 3356.16943
59.9, 2141.19092
60.0, 3933.30493
60.1, 3726.60010
60.2, 3220.33252
60.3, 2538.02881
60.4, 2332.61475
60.5, 962.14624
60.6, 1034.89832
60.7, 3433.43286
60.8, 3088.99780
60.9, 3168.75977
61.0, 2566.58984
61.1, 700.06549
61.2, 2581.80591
61.3, 3483.07007
61.4, 2464.24072
61.5, 2132.16626
61.6, 4952.24268
61.7, 3336.89551
61.8, 3181.41235
61.9, 2713.00952
62.0, 2492.48438
62.1, 2480.38770
62.2, 2311.53760
62.3, 4830.56592
62.4, 1925.77185
62.5, 1620.47266
62.6, 1773.29736
62.7, 1903.44958
62.8, 1697.31433
62.9, 1550.65540
63.0, 4693.01221
63.1, 1428.41992
63.2, 1557.14612
63.3, 1340.92688
63.4, 1303.45996
63.5, 1144.69409
63.6, 3998.47974
63.7, 2830.09058
63.8, 1426.99170
63.9, 1299.45715
64.0, 1224.94836
64.1, 1102.35413
64.2, 1001.60498
64.3, 4449.41064
64.4, 1374.95764
64.5, 1018.40552
64.6, 919.90015
64.7, 876.21735
64.8, 962.46265
64.9, 883.26593
65.0, 4432.24707
65.1, 836.16125
65.2, 782.27008
65.3, 803.09424
65.4, 1023.32416
65.5, 993.30426
65.6, 4281.05029
65.7, 1135.66455
65.8, 909.34540
65.9, 1122.37549
66.0, 1113.31152
66.1, 1139.47998
66.2, 1005.97943
66.3, 4593.54688
66.4, 1230.77576
66.5, 1018.14807
66.6, 982.29742
66.7, 1005.19128
66.8, 1045.27539
66.9, 1014.33063
67.0, 4653.56104
67.1, 1165.27966
67.2, 1014.16614
67.3, 943.21619
67.4, 878.56201
67.5, 984.12555
67.6, 2624.83887
67.7, 3687.28638
67.8, 877.69611
67.9, 783.55438
68.0, 1274.22986
68.1, 1196.92590
68.2, 1084.40698
68.3, 4440.18945
68.4, 988.52319
68.5, 1042.75964
68.6, 1036.46399
68.7, 1179.34033
68.8, 1233.35913
68.9, 1746.97168
69.0, 4178.85205
69.1, 1018.76038
69.2, 992.39972
69.3, 946.49103
69.4, 919.52710
69.5, 998.55902
69.6, 3408.43286
69.7, 3164.48315
69.8, 787.56378
69.9, 689.31299
70.0, 615.30029
70.1, 592.16046
70.2, 752.92169
70.3, 4372.09668
70.4, 811.87201
70.5, 536.35315
70.6, 659.84967
70.7, 960.75330
70.8, 859.82483
70.9, 805.96454
71.0, 4366.57129
71.1, 954.05615
71.2, 1156.06165
71.3, 993.93457
71.4, 880.75641
71.5, 609.68207
71.6, 4328.73486
71.7, 1551.70898
71.8, 958.60590
71.9, 846.39246
72.0, 996.10309
72.1, 850.59589
72.2, 871.81671
72.3, 4432.70703
72.4, 1155.06555
72.5, 975.74475
72.6, 1574.80164
72.7, 3764.84961
72.8, 4280.76025
72.9, 1536.26416
73.0, 4253.08057
73.1, 4613.06494
73.2, 4585.36768
73.3, 3272.78125
73.4, 3768.95312
73.5, 3642.04419
73.6, 4933.45801
73.7, 4376.33545
73.8, 3914.89453
73.9, 3735.66260
74.0, 3715.27222
74.1, 3563.12500
74.2, 3171.91406
74.3, 5039.23242
74.4, 1330.16577
74.5, 3670.67383
74.6, 3713.80713
74.7, 3155.29150
74.8, 3220.53540
74.9, 2715.49316
75.0, 5248.96729
75.1, 2317.43066
75.2, 2020.79419
75.3, 1676.65259
75.4, 2938.80542
75.5, 4131.96094
75.6, 5609.68945
75.7, 3575.77905
75.8, 3372.35278
75.9, 2868.83057
76.0, 2752.54834
76.1, 2690.26245
76.2, 1533.40637
76.3, 4891.04834
76.4, 2921.85620
76.5, 2885.84082
76.6, 2894.08301
76.7, 2528.16187
76.8, 2020.83899
76.9, 1985.60559
77.0, 4928.75684
77.1, 2140.56055
77.2, 2145.09326
77.3, 1908.42358
77.4, 1701.97949
77.5, 1774.43433
77.6, 2888.09424
77.7, 4097.97705
77.8, 1602.23926
77.9, 1388.32300
78.0, 1443.11279
78.1, 1403.22864
78.2, 1684.37939
78.3, 4664.98975
78.4, 1502.58215
78.5, 1317.01416
78.6, 1363.67004
78.7, 1631.80469
78.8, 1547.68494
78.9, 1842.91626
79.0, 4234.52490
79.1, 1192.65259
79.2, 1208.81165
79.3, 1349.90417
79.4, 1233.72424
79.5, 1564.77625
79.6, 3550.53809
79.7, 3493.72510
79.8, 1298.68567
79.9, 1324.26257
80.0, 1277.48682
80.1, 1286.16077
80.2, 1251.31787
80.3, 4668.54150
80.4, 1825.62781
80.5, 1608.05920
80.6, 1481.13379
80.7, 1398.58118
80.8, 1442.28638
80.9, 1451.37683
81.0, 4406.38428
81.1, 1201.15405
81.2, 1241.24597
81.3, 1415.39856
81.4, 1348.55737
81.5, 1250.02014
81.6, 4404.05566
81.7, 1661.63794
81.8, 1410.75220
81.9, 1410.18921
82.0, 1480.76355
82.1, 1424.87317
82.2, 1159.38684
82.3, 4465.09570
82.4, 1304.66394
82.5, 1252.63782
82.6, 1257.20068
82.7, 1218.75525
82.8, 1238.66956
82.9, 1299.07092
83.0, 4618.82227
83.1, 1335.64526
83.2, 1143.69275
83.3, 1027.55127
83.4, 1015.51190
83.5, 1181.99438
83.6, 3903.33325
83.7, 2578.73120
83.8, 1018.73706
83.9, 1028.92224
84.0, 1218.90491
84.1, 1095.67810
84.2, 1077.26575
84.3, 4376.63184
84.4, 1301.68054
84.5, 1257.36682
84.6, 1129.52332
84.7, 1103.24377
84.8, 1064.53503
84.9, 1058.76343
85.0, 4416.33301
85.1, 1142.82703
85.2, 1181.15247
85.3, 1171.61987
85.4, 676.94641
85.5, 663.90283
85.6, 4196.76123
85.7, 1284.75610
85.8, 899.55304
85.9, 743.84711
86.0, 804.69714
86.1, 3004.60767
86.2, 4332.14160
86.3, 6042.97559
86.4, 4712.44922
86.5, 3885.97021
86.6, 4591.93311
86.7, 4110.60156
86.8, 3252.39380
86.9, 2924.21484
87.0, 4906.84668
87.1, 2318.57593
87.2, 1881.16370
87.3, 1309.07983
87.4, 4344.29102
87.5, 3420.29639
87.6, 4184.02490
87.7, 5391.50342
87.8, 3958.29468
87.9, 4208.29053
88.0, 2375.10547
88.1, 1354.25391
88.2, 3954.01904
88.3, 5263.20850
88.4, 3543.71094
88.5, 3300.12964
88.6, 2888.01685
88.7, 2425.73047
88.8, 2878.91748
88.9, 2999.07373
89.0, 4573.69189
89.1, 2141.51953
89.2, 1967.14380
89.3, 1666.74963
89.4, 1802.95776
89.5, 1589.91479
89.6, 3679.83765
89.7, 3560.36279
89.8, 1405.03711
89.9, 1446.20020
90.0, 1282.65161
90.1, 1352.05872
90.2, 1518.04016
90.3, 4633.48584
90.4, 1620.18652
90.5, 1456.22229
90.6, 1310.85461
90.7, 1343.98010
90.8, 1271.24023
90.9, 1556.51025
91.0, 3995.36157
91.1, 1201.59363
91.2, 1169.71460
91.3, 1042.83411
91.4, 927.36261
91.5, 1124.87915
91.6, 3373.20117
91.7, 3193.50977
91.8, 752.06012
91.9, 631.10962
92.0, 1008.86212
92.1, 942.13763
92.2, 787.56323
92.3, 4368.52734
92.4, 891.13031
92.5, 854.98492
92.6, 714.71655
92.7, 641.07300
92.8, 598.37762
92.9, 634.54803
93.0, 4433.79443
93.1, 813.76288
93.2, 697.73541
93.3, 673.36615
93.4, 617.01514
93.5, 802.08142
93.6, 4411.25342
93.7, 1592.83105
93.8, 1091.68176
93.9, 959.02393
94.0, 1968.18481
94.1, 2805.03296
94.2, 4010.34546
94.3, 5426.63135
94.4, 2032.13074
94.5, 2085.70923
94.6, 2231.09814
94.7, 2731.59351
94.8, 2775.81201
94.9, 1713.34924
95.0, 4531.16748
95.1, 1218.65112
95.2, 1038.85144
95.3, 1218.10986
95.4, 1371.80945
95.5, 3991.32544
95.6, 4213.10596
95.7, 2540.20728
95.8, 2236.95288
95.9, 4758.64600
96.0, 4192.97803
96.1, 2192.43750
96.2, 1375.58972
96.3, 4449.01367
96.4, 1471.34705
96.5, 1229.65015
96.6, 1437.18237
96.7, 1205.91528
96.8, 4818.26318
96.9, 3525.37891
97.0, 5393.56445
97.1, 2690.37915
97.2, 2017.98181
97.3, 2913.09790
97.4, 2635.82349
97.5, 2801.05249
97.6, 5094.00098
97.7, 3156.18506
97.8, 2665.77539
97.9, 2493.89233
98.0, 3371.01758
98.1, 3066.82690
98.2, 2497.22729
98.3, 5260.71240
98.4, 2496.48145
98.5, 3092.92554
98.6, 3092.50635
98.7, 3116.62964
98.8, 3230.71899
98.9, 2532.06201
99.0, 4557.56836
99.1, 1793.88220
99.2, 1353.88831
99.3, 1069.23865
99.4, 3368.17529
99.5, 5194.40039
99.6, 4394.91162
99.7, 4440.75391
99.8, 4420.41943
99.9, 4406.94385
100.0, 1903.12488
100.1, 953.85974
100.2, 3359.82983
100.3, 3698.12671
100.4, 4145.18066
100.5, 4355.93066
100.6, 3666.22070
100.7, 3373.65259
100.8, 3584.91113
100.9, 3584.67480
101.0, 3061.55908
101.1, 2068.11255
101.2, 1808.84949
101.3, 3625.83667
101.4, 2341.96729
101.5, 2969.03320
101.6, 3692.35986
101.7, 4752.53223
101.8, 3755.27783
101.9, 3062.80029
102.0, 2888.50146
102.1, 2249.32422
102.2, 2648.67871
102.3, 5093.18994
102.4, 2253.48682
102.5, 2244.11768
102.6, 2064.75317
102.7, 2381.74316
102.8, 2027.24292
102.9, 2003.95801
103.0, 4824.53564
103.1, 1778.46790
103.2, 1480.61353
103.3, 1498.52051
103.4, 1498.36914
103.5, 1570.03394
103.6, 4332.54590
103.7, 1957.33289
103.8, 1612.88086
103.9, 1456.54004
104.0, 1135.76416
104.1, 1234.68225
104.2, 1216.22278
104.3, 4500.97412
104.4, 1404.28748
104.5, 1380.72095
104.6, 1348.13806
104.7, 1374.81201
104.8, 1414.60120
104.9, 1556.34326
105.0, 4640.39160
105.1, 1474.74890
105.2, 1525.11438
105.3, 1723.56665
105.4, 1642.59375
105.5, 1627.11255
105.6, 3982.55762
105.7, 2696.28223
105.8, 1612.72009
105.9, 1687.99731
106.0, 1763.77869
106.1, 1523.18848
106.2, 1576.14294
106.3, 4459.99756
106.4, 1729.42639
106.5, 1800.55334
106.6, 1602.88843
106.7, 1480.59558
106.8, 1471.23889
106.9, 1302.68054
107.0, 4720.23633
107.1, 1633.48633
107.2, 1556.17456
107.3, 1762.41956
107.4, 1541.94250
107.5, 1630.18506
107.6, 4460.67920
107.7, 1463.04626
107.8, 1464.82288
107.9, 1285.26062
108.0, 1273.78430
108.1, 1439.56140
108.2, 1358.33606
108.3, 4513.37793
108.4, 1228.69043
108.5, 1151.14465
108.6, 1178.27673
108.7, 1174.06067
108.8, 1510.40393
108.9, 1331.82812
109.0, 4786.01953
109.1, 1522.82971
109.2, 1589.27576
109.3, 1409.15869
109.4, 1205.30835
109.5, 1338.73206
109.6, 2739.58081
109.7, 3877.97583
109.8, 1510.39490
109.9, 1456.91467
110.0, 1295.81677
110.1, 1282.01685
110.2, 1317.05042
110.3, 4273.35791
110.4, 731.51965
110.5, 782.13971
110.6, 808.03455
110.7, 873.03412
110.8, 843.76996
110.9, 778.95557
111.0, 4523.82471
111.1, 992.48047
111.2, 1234.32751
111.3, 1193.45654
111.4, 1016.71698
111.5, 910.03223
111.6, 3830.75439
111.7, 2656.16138
111.8, 965.76855
111.9, 860.66650
112.0, 703.67993
112.1, 642.38342
112.2, 676.53351
112.3, 4354.05420
112.4, 1191.65344
112.5, 814.89386
112.6, 736.21057
112.7, 704.67053
112.8, 741.13855
112.9, 803.22809
113.0, 4401.91797
113.1, 557.99652
113.2, 600.56604
113.3, 796.78864
113.4, 812.43646
113.5, 713.69556
113.6, 4196.26953
113.7, 898.95282
113.8, 705.04309
113.9, 716.43353
114.0, 542.98993
114.1, 486.15521
114.2, 474.00641
114.3, 4509.91504
114.4, 877.75580
114.5, 569.50525
114.6, 686.26392
114.7, 633.81238
114.8, 574.61914
114.9, 568.61053
115.0, 4435.01221
115.1, 837.79669
115.2, 718.01385
115.3, 2712.15039
115.4, 2291.22827
115.5, 4997.65820
115.6, 5904.75244
115.7, 5578.60547
115.8, 2928.27490
115.9, 1895.58923
116.0, 3926.26001
116.1, 3669.53101
116.2, 2618.92603
116.3, 5016.49951
116.4, 2353.61401
116.5, 2237.13623
116.6, 1675.70215
116.7, 1702.08826
116.8, 1543.17627
116.9, 1712.99231
117.0, 7556.62207
117.1, 1865.66284
117.2, 1187.76050
117.3, 2016.58838
117.4, 3336.30029
117.5, 2817.90576
117.6, 3960.59180
117.7, 4837.07764
117.8, 3050.47021
117.9, 3028.02173
118.0, 2904.70142
118.1, 2426.79639
118.2, 2091.54175
118.3, 4884.65234
118.4, 2819.61206
118.5, 2387.59058
118.6, 2583.97510
118.7, 3068.52051
118.8, 2719.79541
118.9, 2601.46509
119.0, 4719.71680
119.1, 1778.61731
119.2, 1699.05347
119.3, 2218.75464
119.4, 2764.38965
119.5, 3428.92822
119.6, 5214.16553
119.7, 2985.81055
119.8, 1628.98401
119.9, 2320.49731
120.0, 3161.92798
120.1, 1867.71033
120.2, 1694.56055
120.3, 5635.70801
120.4, 4294.30762
120.5, 3447.40210
120.6, 2595.48267
120.7, 2842.41284
120.8, 4681.51025
120.9, 3905.73022
121.0, 4715.38086
121.1, 749.03210
121.2, 2196.99780
121.3, 3279.44849
121.4, 3284.19922
121.5, 3013.69189
121.6, 4338.41895
121.7, 2764.81226
121.8, 1708.62598
121.9, 2157.22266
122.0, 3722.72510
122.1, 2539.41357
122.2, 2184.99854
122.3, 4771.84961
122.4, 1976.78613
122.5, 3260.32446
122.6, 3004.03271
122.7, 4556.84961
122.8, 3565.36621
122.9, 3835.17334
123.0, 6144.13818
123.1, 3694.73120
123.2, 2741.50024
123.3, 1881.64014
123.4, 1222.19531
123.5, 1865.52454
123.6, 4827.16553
123.7, 2931.72632
123.8, 2599.88892
123.9, 2494.78784
124.0, 4044.87061
124.1, 2683.78369
124.2, 2341.27734
124.3, 4846.54395
124.4, 2481.74731
124.5, 2271.80664
124.6, 2411.75708
124.7, 3126.80591
124.8, 2616.87646
124.9, 2138.62231
125.0, 4718.49023
125.1, 2340.65137
125.2, 2130.62720
125.3, 2966.85767
125.4, 3247.80127
125.5, 2829.89429
125.6, 3640.01465
125.7, 5133.56543
125.8, 2782.93604
125.9, 2395.25903
126.0, 2502.93848
126.1, 2845.34888
126.2, 3915.47095
126.3, 5377.32959
126.4, 2059.96313
126.5, 1661.02783
126.6, 2014.77063
126.7, 3734.63330
126.8, 2969.25635
126.9, 2791.53613
127.0, 4398.49854
127.1, 826.95972
127.2, 878.46094
127.3, 2370.02979
127.4, 2660.90527
127.5, 2498.05249
127.6, 4154.54297
127.7, 3113.78491
127.8, 1103.56335
127.9, 1853.40149
128.0, 2020.13037
128.1, 1915.79309
128.2, 2492.41699
128.3, 5501.06592
128.4, 2131.66431
128.5, 1542.65234
128.6, 2324.81909
128.7, 2513.22192
128.8, 1664.97998
128.9, 1756.25696
129.0, 4496.49170
129.1, 823.20398
129.2, 1097.65588
129.3, 3883.02710
129.4, 4505.42578
129.5, 4567.09961
129.6, 4874.96875
129.7, 2827.71265
129.8, 2020.43225
129.9, 1509.90881
130.0, 3805.25537
130.1, 3749.24268
130.2, 3236.98267
130.3, 5515.99365
130.4, 1856.66650
130.5, 1606.10034
130.6, 1275.63416
130.7, 3015.05103
130.8, 2937.42798
130.9, 2373.26636
131.0, 5547.65479
131.1, 3052.68994
131.2, 1871.31543
131.3, 1418.08325
131.4, 1217.23071
131.5, 3505.04956
131.6, 4753.82812
131.7, 3185.66455
131.8, 2377.04297
131.9, 1732.72571
132.0, 4588.56396
132.1, 4176.79150
132.2, 3858.44434
132.3, 4742.06787
132.4, 1995.80078
132.5, 2609.05322
132.6, 3129.79297
132.7, 5816.67920
132.8, 4554.00049
132.9, 3926.92090
133.0, 4912.57959
133.1, 3406.29663
133.2, 2289.28906
133.3, 1605.23730
133.4, 3122.73267
133.5, 2949.12793
133.6, 4634.95410
133.7, 4322.75684
133.8, 3707.82959
133.9, 2525.56421
134.0, 2588.57935
134.1, 2239.71558
134.2, 2326.14697
134.3, 4658.33838
134.4, 2517.30933
134.5, 1584.93152
134.6, 1420.00598
134.7, 3622.19922
134.8, 3259.07080
134.9, 3014.94141
135.0, 4815.70117
135.1, 1569.82043
135.2, 1696.60547
135.3, 1776.00061
135.4, 2126.08789
135.5, 1954.28918
135.6, 3020.80273
135.7, 4050.90747
135.8, 1741.60547
135.9, 1671.97485
136.0, 2968.89062
136.1, 3112.81934
136.2, 2712.83350
136.3, 5414.35205
136.4, 2331.92505
136.5, 2008.05151
136.6, 1800.46289
136.7, 1586.10608
136.8, 1888.06970
136.9, 2457.90723
137.0, 4358.25439
137.1, 1286.98669
137.2, 1341.79272
137.3, 2739.98462
137.4, 3219.00269
137.5, 2458.06348
137.6, 3788.37622
137.7, 3276.73706
137.8, 1055.10193
137.9, 826.32404
138.0, 2768.27808
138.1, 2571.97144
138.2, 2209.96777
138.3, 4553.89697
138.4, 934.26172
138.5, 719.67224
138.6, 1140.70422
138.7, 2324.55273
138.8, 1690.67004
138.9, 1500.42090
139.0, 4708.92529
139.1, 1394.42493
139.2, 933.41986
139.3, 711.55475
139.4, 911.26703
139.5, 2180.22729
139.6, 4510.97803
139.7, 1367.28186
139.8, 696.48322
139.9, 607.26721
140.0, 2105.47607
140.1, 1853.48218
140.2, 1542.01257
140.3, 4344.38867
140.4, 642.05658
140.5, 723.08508
140.6, 1347.51416
140.7, 2145.88257
140.8, 1778.17981
140.9, 1565.97522
141.0, 4573.03223
141.1, 776.57867
141.2, 690.07111
141.3, 1508.46887
141.4, 2009.17920
141.5, 1871.68677
141.6, 4263.71631
141.7, 3649.18042
141.8, 2107.04272
141.9, 1554.99585
142.0, 1147.40051
142.1, 1049.47876
142.2, 1364.67603
142.3, 4357.96191
142.4, 1019.91223
142.5, 578.36786
142.6, 1477.59387
142.7, 2648.01831
142.8, 2191.42456
142.9, 1864.98206
143.0, 4431.63281
143.1, 552.55908
143.2, 573.05206
143.3, 1793.06055
143.4, 2211.51465
143.5, 1906.06128
143.6, 4448.84277
143.7, 1035.98608
143.8, 582.60583
143.9, 532.76160
144.0, 1861.91760
144.1, 1972.25684
144.2, 1615.34631
144.3, 4768.17139
144.4, 2026.14307
144.5, 1576.23132
144.6, 985.11230
144.7, 691.44952
144.8, 1433.91077
144.9, 1590.19263
145.0, 4416.62109
145.1, 920.46289
145.2, 704.20990
145.3, 2322.76855
145.4, 2868.74951
145.5, 2355.46387
145.6, 3163.51636
145.7, 3641.55859
145.8, 849.14075
145.9, 798.33594
146.0, 2580.38306
146.1, 2329.11304
146.2, 1750.18066
146.3, 4802.06836
146.4, 1032.16077
146.5, 819.60712
146.6, 1010.91132
146.7, 3113.28784
146.8, 2601.17065
146.9, 1852.90393
147.0, 4932.53906
147.1, 3032.95972
147.2, 2399.49097
147.3, 2481.12354
147.4, 3839.38306
147.5, 5573.13574
147.6, 5370.37988
147.7, 4567.16455
147.8, 3705.08423
147.9, 2576.85449
148.0, 2524.09863
148.1, 3380.41113
148.2, 2931.87988
148.3, 4959.42529
148.4, 2386.58740
148.5, 2180.62231
148.6, 2365.55786
148.7, 2301.88184
148.8, 1935.60486
148.9, 1816.65454
149.0, 4687.45068
149.1, 1378.54858
149.2, 3116.56470
149.3, 2533.31860
149.4, 1995.05017
149.5, 3957.87207
149.6, 5669.13525
149.7, 3376.64673
149.8, 2679.55054
149.9, 3048.40527
150.0, 2760.14014
150.1, 2430.58350
150.2, 2220.14966
150.3, 5160.53760
150.4, 2812.33472
150.5, 1692.17651
150.6, 2400.93066
150.7, 3450.99780
150.8, 3118.38916
150.9, 2574.41382
151.0, 4838.45605
151.1, 1852.85803
151.2, 1672.35486
151.3, 2724.74780
151.4, 3184.95215
151.5, 2669.85303
151.6, 4947.03809
151.7, 3424.11230
151.8, 1817.45398
151.9, 2374.55908
152.0, 3022.63306
152.1, 2365.96484
152.2, 2263.57153
152.3, 5740.54834
152.4, 4216.70996
152.5, 3446.38354
152.6, 2244.18530
152.7, 1525.49927
152.8, 3782.35425
152.9, 4082.09985
153.0, 5333.63232
153.1, 1216.25964
153.2, 2355.94971
153.3, 3921.85815
153.4, 3320.09863
153.5, 3346.41919
153.6, 4865.28516
153.7, 3333.62964
153.8, 2860.46021
153.9, 2368.57593
154.0, 2942.66675
154.1, 2489.50854
154.2, 2112.07031
154.3, 4881.88721
154.4, 1621.38708
154.5, 2064.27783
154.6, 2051.11694
154.7, 3618.15723
154.8, 3404.59912
154.9, 3030.63135
155.0, 5589.57471
155.1, 2382.01611
155.2, 2009.90735
155.3, 2236.43555
155.4, 2190.29761
155.5, 1769.21741
155.6, 2905.81836
155.7, 4332.22021
155.8, 2641.60205
155.9, 2017.40039
156.0, 4148.32764
156.1, 3528.15112
156.2, 3199.11621
156.3, 4924.09668
156.4, 1605.33093
156.5, 1823.07874
156.6, 2114.94336
156.7, 2820.62695
156.8, 2954.39258
156.9, 3544.95996
157.0, 5076.02441
157.1, 2526.92212
157.2, 2227.15723
157.3, 3071.12305
157.4, 3490.27173
157.5, 2732.51831
157.6, 4370.36035
157.7, 4057.89307
157.8, 2503.92261
157.9, 1748.79346
158.0, 1866.60657
158.1, 1736.74646
158.2, 3805.59546
158.3, 5408.43945
158.4, 2023.79456
158.5, 1449.63135
158.6, 2848.02344
158.7, 3555.15454
158.8, 3101.72583
158.9, 3315.58301
159.0, 4697.31445
159.1, 1344.54065
159.2, 2643.94214
159.3, 2819.00879
159.4, 3279.15039
159.5, 3051.05420
159.6, 4906.68848
159.7, 1798.39795
159.8, 1340.81592
159.9, 1300.12073
160.0, 2508.01343
160.1, 2455.12280
160.2, 2437.17383
160.3, 5535.65332
160.4, 2976.16968
160.5, 2508.36304
160.6, 2112.05371
160.7, 2534.27515
160.8, 2908.55518
160.9, 2369.22534
161.0, 5286.20068
161.1, 2101.37329
161.2, 1750.11108
161.3, 3505.83618
161.4, 4256.87646
161.5, 3719.49219
161.6, 4831.25098
161.7, 3534.59204
161.8, 2292.15576
161.9, 2142.71851
162.0, 4443.51562
162.1, 3781.75342
162.2, 3291.40552
162.3, 5520.10303
162.4, 2308.64331
162.5, 2034.86206
162.6, 1757.02173
162.7, 3508.31323
162.8, 3364.27002
162.9, 2848.80542
163.0, 5439.10693
163.1, 3281.67529
163.2, 2757.10327
163.3, 1852.79358
163.4, 2175.45459
163.5, 4414.24658
163.6, 6065.76758
163.7, 4066.52710
163.8, 3279.97534
163.9, 3289.76489
164.0, 4527.55615
164.1, 4154.39355
164.2, 3128.29565
164.3, 5095.39600
164.4, 3584.71899
164.5, 3612.36304
164.6, 3847.85547
164.7, 6625.88477
164.8, 6100.77344
164.9, 5244.46045
165.0, 6400.14014
165.1, 4335.10791
165.2, 3318.96753
165.3, 3625.21387
165.4, 3492.79077
165.5, 2104.71387
165.6, 3259.19531
165.7, 5830.62109
165.8, 3640.91577
165.9, 2426.84351
166.0, 2765.57446
166.1, 2180.44458
166.2, 2274.73340
166.3, 4865.30371
166.4, 2351.48096
166.5, 1788.55127
166.6, 1775.72571
166.7, 3705.62378
166.8, 3678.03271
166.9, 3464.84180
167.0, 4870.25098
167.1, 1797.82935
167.2, 1621.16553
167.3, 1911.31824
167.4, 3105.92236
167.5, 2544.08911
167.6, 4247.94775
167.7, 3472.81519
167.8, 1526.36768
167.9, 1841.25012
168.0, 2765.70996
168.1, 2701.28833
168.2, 2343.05664
168.3, 5120.33691
168.4, 2506.81641
168.5, 2022.54773
168.6, 1680.04492
168.7, 1417.37122
168.8, 1862.66870
168.9, 2432.49805
169.0, 4498.02002
169.1, 1136.82202
169.2, 1095.26807
169.3, 2457.86328
169.4, 3044.04858
169.5, 2705.44312
169.6, 4838.72021
169.7, 1558.00732
169.8, 1011.01935
169.9, 918.89410
170.0, 2656.99805
170.1, 2505.12305
170.2, 2077.11572
170.3, 4501.36230
170.4, 1255.72278
170.5, 1056.63074
170.6, 1214.66125
170.7, 2260.50879
170.8, 1584.63306
170.9, 1582.10132
171.0, 4994.67920
171.1, 1300.27490
171.2, 1019.37030
171.3, 859.12823
171.4, 825.32733
171.5, 2124.04224
171.6, 4055.89209
171.7, 2504.84863
171.8, 683.51007
171.9, 572.72992
172.0, 2161.85059
172.1, 1904.72253
172.2, 1581.98828
172.3, 4382.85059
172.4, 894.02148
172.5, 658.19360
172.6, 1326.27405
172.7, 2134.96094
172.8, 1647.42090
172.9, 1383.83154
173.0, 4485.78320
173.1, 808.66541
173.2, 695.25671
173.3, 1494.37512
173.4, 2123.79932
173.5, 1605.70471
173.6, 4719.72217
173.7, 2595.38525
173.8, 2044.76575
173.9, 1592.99866
174.0, 1152.46899
174.1, 973.25726
174.2, 1263.10046
174.3, 4477.33252
174.4, 858.82648
174.5, 632.64923
174.6, 1416.37659
174.7, 2525.21265
174.8, 2145.21411
174.9, 1788.02161
175.0, 4436.40625
175.1, 643.38495
175.2, 742.81940
175.3, 1912.86255
175.4, 2349.51123
175.5, 1955.36829
175.6, 2804.31519
175.7, 3691.93066
175.8, 614.73785
175.9, 605.44263
176.0, 1749.05176
176.1, 1707.23181
176.2, 1461.06970
176.3, 4913.83691
176.4, 2164.90698
176.5, 1847.30359
176.6, 1325.63562
176.7, 1022.17554
176.8, 1329.62097
176.9, 2029.92175
177.0, 4235.23389
177.1, 1017.01459
177.2, 879.07373
177.3, 2381.16187
177.4, 2874.99976
177.5, 2352.78760
177.6, 3690.19482
177.7, 3046.20874
177.8, 722.35919
177.9, 711.25128
178.0, 2569.76929
178.1, 2297.27173
178.2, 1848.97998
178.3, 4882.67334
178.4, 930.67322
178.5, 640.69464
178.6, 935.28754
178.7, 3418.42676
178.8, 2626.33472
178.9, 1612.17004
179.0, 5117.68652
179.1, 2577.08228
179.2, 1642.42395
179.3, 1478.08691
179.4, 3788.59473
179.5, 4959.83203
179.6, 6088.55225
179.7, 3852.42578
179.8, 1586.60376
179.9, 5360.15137
180.0, 4052.97534
180.1, 4880.34717
180.2, 5579.04443
180.3, 6562.63086
180.4, 4601.74951
180.5, 3625.14331
180.6, 2438.20508
180.7, 4148.52734
180.8, 3551.83521
180.9, 3411.38770
181.0, 6292.55371
181.1, 5215.45215
181.2, 4980.43555
181.3, 3799.13354
181.4, 3659.88452
181.5, 3196.13232
181.6, 5085.35059
181.7, 2997.63110
181.8, 2008.33679
181.9, 1759.96143
182.0, 2214.33545
182.1, 5264.30811
182.2, 3213.17456
182.3, 6117.92188
182.4, 4794.67578
182.5, 4026.29761
182.6, 4103.28760
182.7, 3136.22803
182.8, 4454.27344
182.9, 5123.08984
183.0, 6852.32275
183.1, 5319.90283
183.2, 4821.47168
183.3, 5368.21582
183.4, 5123.53857
183.5, 4015.16284
183.6, 5353.75781
183.7, 5324.07471
183.8, 4258.40137
183.9, 3856.21802
184.0, 4417.55322
184.1, 3101.45264
184.2, 2906.89673
184.3, 5968.72266
184.4, 4376.17529
184.5, 3320.48999
184.6, 2046.60583
184.7, 2248.64331
184.8, 5273.11768
184.9, 4273.00146
185.0, 6623.97363
185.1, 2463.49365
185.2, 2481.44116
185.3, 5680.21533
185.4, 4238.39209
185.5, 4864.86426
185.6, 5345.29443
185.7, 3040.44531
185.8, 3533.39233
185.9, 3686.66357
186.0, 5180.96143
186.1, 5498.59375
186.2, 4682.76221
186.3, 6376.18799
186.4, 3411.13257
186.5, 2882.72217
186.6, 3411.60352
186.7, 4533.84863
186.8, 3758.19116
186.9, 3410.56909
187.0, 5912.17480
187.1, 3719.06177
187.2, 4036.64453
187.3, 2999.33838
187.4, 2893.10645
187.5, 5087.56494
187.6, 5251.58105
187.7, 5229.44727
187.8, 2832.98804
187.9, 2614.71387
188.0, 5364.17480
188.1, 4995.69727
188.2, 4548.08350
188.3, 5486.13232
188.4, 3456.65161
188.5, 4688.51758
188.6, 5852.92725
188.7, 6005.85938
188.8, 5670.27100
188.9, 5275.68896
189.0, 4882.19141
189.1, 4207.84619
189.2, 4643.52539
189.3, 5164.02295
189.4, 4823.67773
189.5, 4807.60986
189.6, 6418.58447
189.7, 6741.24268
189.8, 3976.66309
189.9, 2943.07617
190.0, 3106.80615
190.1, 3134.77979
190.2, 4531.25830
190.3, 5869.05615
190.4, 2834.10986
190.5, 1664.24207
190.6, 3450.44067
190.7, 5728.73389
190.8, 4460.67090
190.9, 3997.18579
191.0, 4870.85352
191.1, 1960.17590
191.2, 2347.51489
191.3, 5203.17285
191.4, 4444.36230
191.5, 4578.24854
191.6, 5704.37891
191.7, 2563.57642
191.8, 1769.36804
191.9, 1536.94214
192.0, 4238.99707
192.1, 3492.55615
192.2, 3898.51123
192.3, 7130.63428
192.4, 6495.13281
192.5, 5015.52246
192.6, 4013.82764
192.7, 2917.23413
192.8, 3053.88257
192.9, 4051.62354
193.0, 5295.93652
193.1, 2577.01367
193.2, 2207.27026
193.3, 4252.02344
193.4, 4806.55615
193.5, 4533.28076
193.6, 5427.65430
193.7, 3432.99683
193.8, 2703.73682
193.9, 2705.17773
194.0, 5311.54590
194.1, 5769.87549
194.2, 5571.90039
194.3, 6109.56885
194.4, 2830.15576
194.5, 2431.88403
194.6, 2235.27173
194.7, 3724.63794
194.8, 3914.55518
194.9, 2916.60303
195.0, 5897.83447
195.1, 3008.34570
195.2, 2325.18164
195.3, 1807.24622
195.4, 3233.39380
195.5, 4565.54688
195.6, 5499.73975
195.7, 2717.55005
195.8, 2550.04053
195.9, 2997.45483
196.0, 3811.91089
196.1, 3667.01270
196.2, 3130.26343
196.3, 5186.22705
196.4, 3017.04077
196.5, 2908.75024
196.6, 3356.10767
196.7, 4128.26562
196.8, 3489.22974
196.9, 2481.42383
197.0, 5218.95312
197.1, 2407.74756
197.2, 2707.65820
197.3, 4859.08301
197.4, 4019.41968
197.5, 4017.53784
197.6, 4239.47217
197.7, 5193.66016
197.8, 3330.55273
197.9, 2660.79980
198.0, 2139.17407
198.1, 2542.37720
198.2, 3507.91016
198.3, 4965.18701
198.4, 2296.86890
198.5, 2167.23608
198.6, 3352.83447
198.7, 4002.55762
198.8, 3953.09741
198.9, 3096.80151
199.0, 5050.72021
199.1, 1626.92993
199.2, 1515.20276
199.3, 3914.03223
199.4, 3385.87354
199.5, 3471.69897
199.6, 4786.01709
199.7, 3008.46680
199.8, 1943.00635
199.9, 2163.61548
200.0, 3491.91626
200.1, 3014.18750
200.2, 2453.69824
200.3, 5596.75732
200.4, 2968.91992
200.5, 2290.36938
200.6, 1842.60632
200.7, 1848.12720
200.8, 3614.93579
200.9, 3191.34106
201.0, 5015.18115
201.1, 1641.21875
201.2, 1610.25769
201.3, 3375.25537
201.4, 3253.42358
201.5, 3209.49146
201.6, 4644.36670
201.7, 1417.44116
201.8, 1204.49890
201.9, 1478.76453
202.0, 3529.96680
202.1, 2829.51636
202.2, 2570.87964
202.3, 5598.85547
202.4, 1947.97168
202.5, 1454.63806
202.6, 2767.13721
202.7, 4162.17334
202.8, 3571.69629
202.9, 3137.52368
203.0, 5752.84717
203.1, 2772.18530
203.2, 2500.36328
203.3, 2046.73755
203.4, 1443.21924
203.5, 2869.56738
203.6, 2992.30713
203.7, 3713.87183
203.8, 900.32825
203.9, 1659.73096
204.0, 3625.22510
204.1, 2995.76074
204.2, 2746.70996
204.3, 4282.07373
204.4, 885.20618
204.5, 1071.10181
204.6, 3101.97119
204.7, 4150.95117
204.8, 3663.79321
204.9, 3151.40039
205.0, 4637.76221
205.1, 905.79181
205.2, 1367.62256
205.3, 3654.66138
205.4, 3743.27661
205.5, 2948.08105
205.6, 4236.60449
205.7, 4388.26709
205.8, 2810.91870
205.9, 2437.54321
206.0, 1891.25134
206.1, 1586.84668
206.2, 1931.02576
206.3, 4821.60742
206.4, 1608.81665
206.5, 1592.04102
206.6, 1929.90710
206.7, 3509.48633
206.8, 2692.36255
206.9, 2004.20801
207.0, 4591.82178
207.1, 1399.49585
207.2, 1532.19788
207.3, 4248.33105
207.4, 4017.81885
207.5, 3224.84326
207.6, 5365.47949
207.7, 1638.81384
207.8, 1555.76392
207.9, 1828.28247
208.0, 4294.08057
208.1, 3454.30859
208.2, 3178.76074
208.3, 4896.68555
208.4, 2902.16479
208.5, 2685.21899
208.6, 1839.19519
208.7, 1612.93176
208.8, 2040.68542
208.9, 2049.05347
209.0, 5116.01465
209.1, 1675.92847
209.2, 1552.18787
209.3, 4246.73193
209.4, 3562.24756
209.5, 3251.49756
209.6, 4055.97998
209.7, 2499.09082
209.8, 1504.12305
209.9, 1972.71545
210.0, 4752.47559
210.1, 3820.04565
210.2, 3706.59131
210.3, 4967.18701
210.4, 1214.97632
210.5, 1292.16516
210.6, 2859.83643
210.7, 3781.89844
210.8, 2611.74170
210.9, 1613.86255
211.0, 6162.59082
211.1, 3711.99146
211.2, 2459.03687
211.3, 2102.08911
211.4, 2403.62329
211.5, 5722.66699
211.6, 3789.37012
211.7, 3135.71240
211.8, 2981.44165
211.9, 5255.16113
212.0, 5072.77734
212.1, 4711.44824
212.2, 3853.73022
212.3, 4560.92139
212.4, 5147.73242
212.5, 4114.08545
212.6, 3566.97852
212.7, 4653.52832
212.8, 3772.00879
212.9, 3214.53101
213.0, 4534.15137
213.1, 1280.17139
213.2, 1343.44385
213.3, 2681.82837
213.4, 2415.86670
213.5, 5494.42090
213.6, 7005.41895
213.7, 5870.36230
213.8, 4264.34033
213.9, 2570.08545
214.0, 1647.18567
214.1, 1897.62146
214.2, 2630.66089
214.3, 4472.58105
214.4, 1768.53247
214.5, 3587.62573
214.6, 2343.39868
214.7, 4821.02051
214.8, 3164.99048
214.9, 2422.16528
215.0, 5568.58496
215.1, 4198.92139
215.2, 3372.88916
215.3, 4318.26758
215.4, 3331.99976
215.5, 2789.39429
215.6, 4104.23877
215.7, 3561.82104
215.8, 2523.26880
215.9, 2428.16699
216.0, 3063.95679
216.1, 2450.74487
216.2, 2272.16138
216.3, 6101.11768
216.4, 3868.74072
216.5, 2974.84644
216.6, 2145.27026
216.7, 2863.83813
216.8, 4479.45801
216.9, 4755.10889
217.0, 6017.16895
217.1, 4000.98535
217.2, 3293.08545
217.3, 2833.18286
217.4, 4566.96875
217.5, 4919.09863
217.6, 5724.85254
217.7, 3209.52539
217.8, 2132.62646
217.9, 2614.83838
218.0, 3331.77515
218.1, 1974.28357
218.2, 1961.87732
218.3, 5205.61963
218.4, 2402.73462
218.5, 3480.85498
218.6, 4924.55518
218.7, 4335.04541
218.8, 4234.41943
218.9, 2466.52173
219.0, 6490.29883
219.1, 5100.34326
219.2, 3776.58374
219.3, 2725.74023
219.4, 1894.51917
219.5, 2956.22827
219.6, 3371.34448
219.7, 3926.86328
219.8, 3303.72754
219.9, 5141.97266
220.0, 5568.97803
220.1, 5003.67578
220.2, 4538.87158
220.3, 5663.37402
220.4, 3522.65308
220.5, 3417.97388
220.6, 3650.80396
220.7, 3807.56372
220.8, 3714.33545
220.9, 3375.94849
221.0, 6540.79980
221.1, 4510.29883
221.2, 3862.11914
221.3, 3128.74658
221.4, 2426.34912
221.5, 1734.38269
221.6, 4363.61670
221.7, 6251.10596
221.8, 5258.96631
221.9, 4728.10107
222.0, 3754.24927
222.1, 5960.68408
222.2, 4724.90723
222.3, 6090.38721
222.4, 3331.70728
222.5, 2669.46680
222.6, 4132.97070
222.7, 5889.03564
222.8, 5939.32715
222.9, 4600.53027
223.0, 4565.93408
223.1, 1502.86902
223.2, 3300.88916
223.3, 5576.76074
223.4, 4312.01074
223.5, 4334.43896
223.6, 5197.72070
223.7, 2039.42664
223.8, 2727.36694
223.9, 4444.61816
224.0, 6312.99023
224.1, 6309.94482
224.2, 4903.44824
224.3, 7506.75635
224.4, 5542.57275
224.5, 5386.22070
224.6, 5170.25781
224.7, 5206.42529
224.8, 4470.71631
224.9, 4226.23389
225.0, 5426.11133
225.1, 4251.93115
225.2, 4081.50244
225.3, 5157.80811
225.4, 5624.92725
225.5, 5473.78662
225.6, 5860.19727
225.7, 3804.42163
225.8, 3755.95312
225.9, 2730.13867
226.0, 6487.24463
226.1, 5884.11572
226.2, 5660.69531
226.3, 6184.45312
226.4, 3961.19189
226.5, 3545.19922
226.6, 3097.74585
226.7, 4603.52881
226.8, 3795.59814
226.9, 3117.48340
227.0, 6747.29443
227.1, 4502.31201
227.2, 3638.61841
227.3, 3030.05225
227.4, 3954.99658
227.5, 5034.34326
227.6, 6336.35938
227.7, 4430.59424
227.8, 3557.63721
227.9, 3016.69189
228.0, 5343.84521
228.1, 4628.74219
228.2, 3812.95532
228.3, 6367.27783
228.4, 3966.76099
228.5, 3589.63379
228.6, 4532.61914
228.7, 5017.30811
228.8, 4449.45996
228.9, 4078.96436
229.0, 5244.42529
229.1, 2100.88770
229.2, 3053.61035
229.3, 5707.69678
229.4, 6855.64746
229.5, 4928.20996
229.6, 4315.26660
229.7, 7008.67334
229.8, 5444.38770
229.9, 4839.77588
230.0, 4599.11377
230.1, 4593.99219
230.2, 4654.00977
230.3, 5692.47510
230.4, 2977.89087
230.5, 3307.32153
230.6, 3775.75830
230.7, 4728.07471
230.8, 4080.54810
230.9, 2917.42236
231.0, 6129.53076
231.1, 2341.47241
231.2, 2869.17407
231.3, 3492.24219
231.4, 3792.56665
231.5, 3411.48706
231.6, 5190.69287
231.7, 4202.14551
231.8, 3230.49512
231.9, 2876.79590
232.0, 3932.11401
232.1, 3049.43262
232.2, 2669.05786
232.3, 6035.43262
232.4, 3594.98682
232.5, 3305.18481
232.6, 3292.26392
232.7, 3651.79224
232.8, 5704.79639
232.9, 4808.64600
233.0, 5533.13721
233.1, 2928.33130
233.2, 2673.34912
233.3, 5549.34521
233.4, 4692.08447
233.5, 3746.10840
233.6, 5320.31055
233.7, 3793.89966
233.8, 3316.53345
233.9, 3077.27246
234.0, 4501.89355
234.1, 4388.83154
234.2, 3550.77759
234.3, 5568.98193
234.4, 2840.53979
234.5, 2083.06152
234.6, 3736.56079
234.7, 4491.74219
234.8, 3834.93457
234.9, 2954.19287
235.0, 7949.11426
235.1, 4906.94043
235.2, 3626.22949
235.3, 3767.13818
235.4, 3735.49146
235.5, 3396.29419
235.6, 4156.39844
235.7, 4977.31738
235.8, 3075.03784
235.9, 2680.15942
236.0, 5231.32666
236.1, 4039.13306
236.2, 3608.15894
236.3, 5781.20508
236.4, 3471.01172
236.5, 2691.58813
236.6, 4162.38721
236.7, 5265.73779
236.8, 5087.93652
236.9, 4292.31836
237.0, 6134.73047
237.1, 3600.13989
237.2, 2598.80957
237.3, 4246.59766
237.4, 4421.87842
237.5, 3474.78394
237.6, 5862.69629
237.7, 6958.72510
237.8, 4219.83887
237.9, 3475.41138
238.0, 4398.54980
238.1, 3960.18652
238.2, 4614.09863
238.3, 6085.07275
238.4, 2691.24927
238.5, 2944.00635
238.6, 3962.41089
238.7, 4507.83643
238.8, 4495.20654
238.9, 3364.85352
239.0, 5969.12207
239.1, 3348.57886
239.2, 3217.67896
239.3, 4953.74121
239.4, 4426.61914
239.5, 4397.52100
239.6, 5787.98340
239.7, 3866.61621
239.8, 2936.10669
239.9, 2925.51709
240.0, 4469.92480
240.1, 3882.02051
240.2, 3362.13232
240.3, 6501.40234
240.4, 4570.23486
240.5, 3799.32422
240.6, 3554.96802
240.7, 3947.89648
240.8, 3804.33105
240.9, 3513.90576
241.0, 5972.91650
241.1, 2954.10522
241.2, 2250.66895
241.3, 4046.60962
241.4, 4533.25781
241.5, 3870.21191
241.6, 5124.93604
241.7, 4220.16846
241.8, 3157.03979
241.9, 2410.98608
242.0, 6831.55225
242.1, 6051.22412
242.2, 5162.11865
242.3, 6195.40918
242.4, 3091.26123
242.5, 2829.20190
242.6, 4100.62207
242.7, 6532.62012
242.8, 5616.32031
242.9, 4620.29785
243.0, 7239.56836
243.1, 2605.14478
243.2, 2335.72437
243.3, 2132.58154
243.4, 2004.50671
243.5, 1883.18274
243.6, 1818.15613
243.7, 1768.92004
243.8, 1648.51794
243.9, 1530.47961
244.0, 1409.66382
244.1, 1300.75940
244.2, 1230.42834
244.3, 1108.79968
244.4, 1041.54578
244.5, 911.92261
244.6, 835.53687
244.7, 759.04974
244.8, 697.36853
244.9, 650.01807
245.0, 632.26154
245.1, 631.05139
245.2, 615.68445
245.3, 586.92358
245.4, 587.63556
245.5, 572.37592
245.6, 544.82660
245.7, 531.97522
245.8, 577.01227
245.9, 635.38123
246.0, 703.46094
246.1, 793.35443
246.2, 900.26483
246.3, 1015.78198
246.4, 1087.47742
246.5, 1142.49194
246.6, 1235.96790
246.7, 1308.12451
246.8, 1361.28357
246.9, 1396.45081
247.0, 1439.45386
247.1, 1492.42834
247.2, 1619.90820
247.3, 1794.00403
247.4, 1980.68250
247.5, 2192.23242
247.6, 2420.10840
247.7, 2592.75171
247.8, 2704.02075
247.9, 2794.14307
248.0, 2891.14478
248.1, 3017.59961
248.2, 3072.11938
248.3, 3564.32593
248.4, 4758.67969
248.5, 4102.03809
248.6, 3472.42236
248.7, 3160.07153
248.8, 3441.57935
248.9, 3870.99536
249.0, 5022.66357
249.1, 2094.51294
249.2, 2002.16382
249.3, 2985.09888
249.4, 3498.60498
249.5, 3504.99609
249.6, 3527.62793
249.7, 3755.85938
249.8, 1595.29614
249.9, 2335.08057
250.0, 3063.03467
250.1, 2802.78662
250.2, 2425.79028
250.3, 4924.09766
250.4, 2517.35986
250.5, 2162.69580
250.6, 2184.75464
250.7, 2575.25391
250.8, 2096.40112
250.9, 1949.63928
251.0, 6308.73926
251.1, 4338.81055
251.2, 3853.40918
251.3, 3233.67310
251.4, 2728.20508
251.5, 3148.06128
251.6, 3990.41309
251.7, 3407.16699
251.8, 1531.92639
251.9, 2190.86157
252.0, 3502.02856
252.1, 3040.38086
252.2, 2720.50244
252.3, 4767.77100
252.4, 1712.47009
252.5, 1578.30566
252.6, 2785.11597
252.7, 3922.38647
252.8, 3523.25586
252.9, 3460.00537
253.0, 5263.28076
253.1, 2876.12354
253.2, 2702.79761
253.3, 2879.39648
253.4, 2899.87891
253.5, 2798.23682
253.6, 5493.91260
253.7, 4297.61133
253.8, 3463.10278
253.9, 2778.86328
254.0, 2198.07812
254.1, 2665.70435
254.2, 3295.76123
254.3, 4773.29639
254.4, 1601.34167
254.5, 1926.70471
254.6, 3400.04224
254.7, 3907.32471
254.8, 4531.37012
254.9, 3080.22314
255.0, 4984.22070
255.1, 1762.05042
255.2, 1836.74609
255.3, 3381.12817
255.4, 3325.26978
255.5, 2903.69360
255.6, 4757.22021
255.7, 3807.52539
255.8, 2806.89624
255.9, 2568.73560
256.0, 3169.92041
256.1, 2774.93530
256.2, 2529.14282
256.3, 6082.73145
256.4, 3768.37500
256.5, 2934.81079
256.6, 2205.58691
256.7, 2207.30884
256.8, 2246.18457
256.9, 2125.79614
257.0, 4805.06885
257.1, 1754.86926
257.2, 2311.31445
257.3, 3147.21362
257.4, 3044.89722
257.5, 3244.26685
257.6, 4565.74316
257.7, 1759.70947
257.8, 1989.59753
257.9, 2100.30566
258.0, 2828.84399
258.1, 2783.08911
258.2, 3355.40405
258.3, 5227.39600
258.4, 2556.29590
258.5, 1918.48389
258.6, 1960.73889
258.7, 2688.84790
258.8, 2319.86328
258.9, 2552.33911
259.0, 6450.51709
259.1, 4253.51465
259.2, 3451.47314
259.3, 3030.43555
259.4, 2645.92920
259.5, 3059.73682
259.6, 3505.21191
259.7, 4070.16089
259.8, 1563.30200
259.9, 2547.91748
260.0, 4651.26172
260.1, 4060.75000
260.2, 3346.74658
260.3, 4805.77539
260.4, 1787.11511
260.5, 1729.03699
260.6, 3082.95825
260.7, 3386.46631
260.8, 3018.71753
260.9, 3130.24316
261.0, 6122.19336
261.1, 3616.99756
261.2, 2933.52930
261.3, 3044.29883
261.4, 2704.95654
261.5, 2242.15454
261.6, 4600.12402
261.7, 6189.65869
261.8, 5146.83496
261.9, 4827.56152
262.0, 4060.88110
262.1, 4033.82544
262.2, 4346.91895
262.3, 5234.23877
262.4, 1969.75793
262.5, 1906.80542
262.6, 3313.91040
262.7, 4964.97266
262.8, 4763.29688
262.9, 4260.08154
263.0, 4733.37744
263.1, 1932.19568
263.2, 2034.24658
263.3, 4487.66016
263.4, 4242.60791
263.5, 3975.49585
263.6, 5296.68750
263.7, 3216.50098
263.8, 2790.02466
263.9, 3242.65967
264.0, 4605.41016
264.1, 4121.74561
264.2, 4519.73828
264.3, 6450.95459
264.4, 6225.38428
264.5, 4877.78857
264.6, 4295.36865
264.7, 3948.21924
264.8, 4400.75342
264.9, 4365.16650
265.0, 5332.65674
265.1, 2577.62549
265.2, 2271.71460
265.3, 4016.36353
265.4, 5122.88623
265.5, 5033.94043
265.6, 5326.90283
265.7, 3084.78125
265.8, 1890.13318
265.9, 2184.08105
266.0, 5485.64160
266.1, 4623.56104
266.2, 4541.24072
266.3, 5394.25488
266.4, 2736.65405
266.5, 2919.57495
266.6, 3152.94580
266.7, 4533.53711
266.8, 3368.46436
266.9, 2801.52490
267.0, 6603.75391
267.1, 4440.98389
267.2, 3957.89868
267.3, 3424.35205
267.4, 3086.02637
267.5, 4471.44385
267.6, 5579.04102
267.7, 2240.40454
267.8, 1847.65173
267.9, 1975.25305
268.0, 4556.65527
268.1, 4217.05273
268.2, 3917.20850
268.3, 5256.71045
268.4, 2021.39038
268.5, 2179.65112
268.6, 4390.44678
268.7, 5109.58008
268.8, 4410.33838
268.9, 4116.58057
269.0, 5748.53760
269.1, 3050.93604
269.2, 3030.97925
269.3, 3759.01123
269.4, 3728.34692
269.5, 3532.19824
269.6, 4148.04053
269.7, 5674.17871
269.8, 3402.79346
269.9, 2793.64673
270.0, 2518.51221
270.1, 2860.78784
270.2, 3523.19385
270.3, 4859.41943
270.4, 2224.41455
270.5, 2054.91064
270.6, 3749.39551
270.7, 4166.45166
270.8, 3465.61646
270.9, 2976.81006
271.0, 4907.77832
271.1, 1590.01855
271.2, 1632.07471
271.3, 2935.45508
271.4, 2464.07837
271.5, 2611.36011
271.6, 4633.75195
271.7, 3787.54761
271.8, 2574.86475
271.9, 2683.59937
272.0, 3848.75171
272.1, 3105.63745
272.2, 2504.29712
272.3, 5873.73584
272.4, 4576.99316
272.5, 3171.55396
272.6, 2451.71313
272.7, 1994.62952
272.8, 3351.48755
272.9, 3231.91943
273.0, 5137.00684
273.1, 2097.21826
273.2, 1964.08289
273.3, 3059.59766
273.4, 2746.89844
273.5, 2970.27832
273.6, 4514.55811
273.7, 1328.87585
273.8, 1213.78064
273.9, 2209.40332
274.0, 4520.49268
274.1, 4148.96045
274.2, 3857.43237
274.3, 5336.89746
274.4, 2260.57349
274.5, 2132.71704
274.6, 2640.45605
274.7, 2824.50781
274.8, 2775.24854
274.9, 2949.22656
275.0, 6419.05518
275.1, 3996.03418
275.2, 3277.07568
275.3, 2278.19556
275.4, 1969.95984
275.5, 2696.69092
275.6, 3369.19897
275.7, 4280.39355
275.8, 2284.36646
275.9, 2674.43213
276.0, 4014.54565
276.1, 3263.16724
276.2, 2770.12939
276.3, 4781.50488
276.4, 1827.57703
276.5, 2180.84717
276.6, 3067.25171
276.7, 3799.12256
276.8, 2942.50073
276.9, 3067.00757
277.0, 4782.28027
277.1, 2053.63135
277.2, 2035.34155
277.3, 3221.92993
277.4, 3317.73657
277.5, 3697.12134
277.6, 4346.60449
277.7, 5316.25586
277.8, 3474.85522
277.9, 2703.63354
278.0, 2333.60547
278.1, 2512.75854
278.2, 4087.18408
278.3, 4893.38330
278.4, 1620.10474
278.5, 1518.23401
278.6, 2144.33423
278.7, 3554.66187
278.8, 3333.12451
278.9, 2500.76343
279.0, 4471.91260
279.1, 1593.13159
279.2, 2098.79590
279.3, 3345.06372
279.4, 3234.80127
279.5, 2662.60303
279.6, 4808.64990
279.7, 2056.95386
279.8, 1772.77820
279.9, 2038.05518
280.0, 2410.14282
280.1, 2121.89380
280.2, 2033.75098
280.3, 2590.45923
280.4, 2326.50586
280.5, 1904.09424
280.6, 1603.73022
280.7, 3364.42358
280.8, 3425.33496
280.9, 5787.29053
281.0, 4970.83838
281.1, 4172.42041
281.2, 3079.65723
281.3, 2562.31372
281.4, 2000.71399
281.5, 2224.43945
281.6, 3504.09082
281.7, 1500.26074
281.8, 2499.00269
281.9, 2270.12622
282.0, 1838.11658
282.1, 1892.19653
282.2, 1494.82336
282.3, 6320.70264
282.4, 2419.85718
282.5, 1581.88879
282.6, 1327.14270
282.7, 946.39221
282.8, 760.95160
282.9, 631.23535
283.0, 5188.09424
283.1, 2445.34180
283.2, 1713.24170
283.3, 1908.69775
283.4, 3538.18408
283.5, 4605.02197
283.6, 4261.05664
283.7, 3069.82397
283.8, 3505.35742
283.9, 3565.23364
284.0, 3680.12793
284.1, 2751.57983
284.2, 2601.31689
284.3, 4871.24512
284.4, 3510.94556
284.5, 3079.62109
284.6, 2860.71118
284.7, 2949.70435
284.8, 2954.88110
284.9, 2874.06152
285.0, 4700.79883
285.1, 1745.80396
285.2, 1687.11169
285.3, 2066.52490
285.4, 2309.38525
285.5, 1733.28210
285.6, 4990.17578
285.7, 4377.29785
285.8, 3557.06567
285.9, 2589.20459
286.0, 3536.64893
286.1, 3274.58545
286.2, 4376.97266
286.3, 5657.53174
286.4, 2973.27881
286.5, 3419.82764
286.6, 4191.17090
286.7, 3883.29468
286.8, 2987.74365
286.9, 3272.20288
287.0, 4776.43896
287.1, 3463.78833
287.2, 2909.18970
287.3, 3087.39429
287.4, 2833.85669
287.5, 3251.24097
287.6, 4584.22412
287.7, 4332.39697
287.8, 2882.43799
287.9, 2461.53931
288.0, 3487.47192
288.1, 4712.93799
288.2, 4467.44482
288.3, 5633.43555
288.4, 3503.96680
288.5, 3209.25073
288.6, 2766.36792
288.7, 2761.44458
288.8, 3224.83838
288.9, 3300.18701
289.0, 4819.25781
289.1, 2584.64038
289.2, 2853.22168
289.3, 4039.99316
289.4, 4194.37793
289.5, 4370.41748
289.6, 4322.27100
289.7, 3520.70117
289.8, 2023.79346
289.9, 2076.65454
290.0, 3247.90894
290.1, 3504.89600
290.2, 3540.76880
290.3, 5021.63574
290.4, 2858.15723
290.5, 2856.44629
290.6, 2860.41553
290.7, 3465.76270
290.8, 2816.79126
290.9, 2266.88647
291.0, 5477.95117
291.1, 2932.30566
291.2, 2307.51099
291.3, 2305.04297
291.4, 2272.88452
291.5, 3388.92700
291.6, 5538.57129
291.7, 3015.76782
291.8, 1047.30298
291.9, 2080.91309
292.0, 3671.47900
292.1, 2839.78223
292.2, 3281.82104
292.3, 4890.89453
292.4, 962.66266
292.5, 1691.14807
292.6, 1545.02136
292.7, 3446.83594
292.8, 3207.91089
292.9, 2977.25830
293.0, 5514.03857
293.1, 2734.77783
293.2, 2554.04517
293.3, 2868.91089
293.4, 2321.99976
293.5, 2010.62439
293.6, 4307.13330
293.7, 3175.92212
293.8, 1742.65649
293.9, 1445.40601
294.0, 2172.91870
294.1, 2320.87671
294.2, 4082.30103
294.3, 5729.61133
294.4, 2592.96606
294.5, 1214.09875
294.6, 3940.31934
294.7, 4612.83496
294.8, 4220.83691
294.9, 5669.58838
295.0, 5344.57373
295.1, 3399.26782
295.2, 2681.76465
295.3, 3418.56519
295.4, 3851.42212
295.5, 3404.56323
295.6, 5149.52002
295.7, 2146.24829
295.8, 1594.30090
295.9, 1470.35706
296.0, 2995.55298
296.1, 2902.23535
296.2, 2738.98657
296.3, 5137.31641
296.4, 2982.49951
296.5, 2353.38257
296.6, 1559.82825
296.7, 1371.97583
296.8, 3785.04224
296.9, 2977.04297
297.0, 5936.31494
297.1, 2836.56104
297.2, 2872.58813
297.3, 5142.17334
297.4, 4837.72021
297.5, 4045.80981
297.6, 3483.45312
297.7, 4197.54346
297.8, 4094.62646
297.9, 3771.31079
298.0, 6011.19678
298.1, 5428.97363
298.2, 4207.90234
298.3, 5242.84766
298.4, 1504.88538
298.5, 2292.84717
298.6, 4269.44775
298.7, 4657.56836
298.8, 4444.92773
298.9, 2384.85132
299.0, 5745.01123
299.1, 4136.66602
299.2, 3392.52637
299.3, 4028.66699
299.4, 3449.72192
299.5, 3336.61694
299.6, 4487.70654
299.7, 4907.60840
299.8, 3875.30420
299.9, 3069.96265
300.0, 3770.62988
300.1, 3882.53223
300.2, 3518.85742
300.3, 5481.96582
300.4, 2768.92554
300.5, 2589.55444
300.6, 1947.45605
300.7, 4349.70996
300.8, 3812.58203
300.9, 3186.92749
301.0, 5573.66211
301.1, 2910.72437
301.2, 2583.63428
301.3, 2473.94238
301.4, 2990.66650
301.5, 2746.87085
301.6, 5284.52979
301.7, 3035.51367
301.8, 2718.55249
301.9, 2203.71362
302.0, 1833.14392
302.1, 1881.74353
302.2, 2781.27783
302.3, 4611.03320
302.4, 1430.30603
302.5, 1595.07922
302.6, 1897.94165
302.7, 2992.35010
302.8, 2388.93481
302.9, 2273.62256
303.0, 4611.83740
303.1, 1042.38257
303.2, 882.71912
303.3, 2149.89648
303.4, 2743.55078
303.5, 2332.01294
303.6, 4252.64941
303.7, 2668.67139
303.8, 1270.54688
303.9, 1340.19910
304.0, 2277.33057
304.1, 1988.84119
304.2, 1736.10278
304.3, 4613.93506
304.4, 1764.98340
304.5, 1219.87573
304.6, 831.71155
304.7, 1193.73438
304.8, 1983.12805
304.9, 2127.12744
305.0, 4432.74170
305.1, 746.86426
305.2, 1118.52283
305.3, 1699.03735
305.4, 1967.90100
305.5, 2060.79956
305.6, 4400.46875
305.7, 1186.68274
305.8, 875.25659
305.9, 806.29419
306.0, 2195.32227
306.1, 1746.02905
306.2, 1808.83728
306.3, 4644.25635
306.4, 943.50861
306.5, 566.07605
306.6, 781.97894
306.7, 2240.58838
306.8, 2090.83252
306.9, 1640.48108
307.0, 5016.71289
307.1, 2097.94727
307.2, 1810.22571
307.3, 1448.52283
307.4, 1080.80371
307.5, 1188.96643
307.6, 2516.08252
307.7, 3661.01318
307.8, 726.57678
307.9, 746.56616
308.0, 2565.39136
308.1, 2213.41675
308.2, 1685.92896
308.3, 4468.34229
308.4, 749.97876
308.5, 765.00806
308.6, 1060.26892
308.7, 2635.04126
308.8, 1977.83167
308.9, 2211.10547
309.0, 4078.69312
309.1, 628.55853
309.2, 1195.08936
309.3, 1419.19775
309.4, 1868.98840
309.5, 2055.08301
309.6, 3660.86035
309.7, 3685.37866
309.8, 2225.66162
309.9, 1899.69910
310.0, 1339.81885
310.1, 1293.84265
310.2, 1626.20630
310.3, 4531.21338
310.4, 1324.36572
310.5, 1499.95447
310.6, 1664.63757
310.7, 2969.00513
310.8, 2936.17603
310.9, 2317.39209
311.0, 4608.90430
311.1, 1318.49353
311.2, 1373.80408
311.3, 2243.61328
311.4, 2671.61938
311.5, 2256.42139
311.6, 4851.70117
311.7, 1372.74731
311.8, 1249.15759
311.9, 1106.83228
312.0, 2649.65381
312.1, 2452.86621
312.2, 1498.26611
312.3, 4610.91260
312.4, 2857.49561
312.5, 2682.39136
312.6, 1739.72107
312.7, 3251.47437
312.8, 4156.39502
312.9, 4571.73779
313.0, 5893.93262
313.1, 4179.72900
313.2, 4282.35889
313.3, 3368.32886
313.4, 3454.49097
313.5, 3911.98120
313.6, 4642.13965
313.7, 4331.79248
313.8, 2870.26221
313.9, 2084.07080
314.0, 2316.88599
314.1, 2066.53540
314.2, 2028.21777
314.3, 4334.65723
314.4, 988.56049
314.5, 1372.72192
314.6, 4375.77881
314.7, 3758.52051
314.8, 4333.00195
314.9, 3886.83667
315.0, 6217.68896
315.1, 3856.48975
315.2, 2909.74976
315.3, 2485.27002
315.4, 1906.92188
315.5, 2680.70776
315.6, 4763.15088
315.7, 1969.74194
315.8, 1495.49060
315.9, 2627.94263
316.0, 3781.38965
316.1, 3544.67505
316.2, 3041.19800
316.3, 5258.70605
316.4, 2244.76001
316.5, 1161.67566
316.6, 2051.87598
316.7, 5444.47168
316.8, 5034.11426
316.9, 2907.45166
317.0, 5355.22168
317.1, 2586.30078
317.2, 2068.11230
317.3, 2105.57080
317.4, 2246.84033
317.5, 1995.65649
317.6, 3505.37476
317.7, 5900.78320
317.8, 3654.37964
317.9, 2646.18433
318.0, 1859.55920
318.1, 3969.65649
318.2, 4203.84814
318.3, 5499.84766
318.4, 2691.25513
318.5, 1017.33990
318.6, 3423.89551
318.7, 5498.12061
318.8, 3951.87500
318.9, 4021.66064
319.0, 4910.95654
319.1, 1714.49609
319.2, 1754.86255
319.3, 2575.61377
319.4, 3304.85254
319.5, 3082.81348
319.6, 5667.63428
319.7, 4658.66553
319.8, 1874.98499
319.9, 1567.98425
320.0, 4477.94141
320.1, 3361.76538
320.2, 3952.04663
320.3, 5210.97266
320.4, 3003.29614
320.5, 3927.59595
320.6, 3545.68262
320.7, 3343.94360
320.8, 3171.56738
320.9, 2962.85864
321.0, 5000.57861
321.1, 2100.19629
321.2, 2853.80957
321.3, 3810.81104
321.4, 4329.73096
321.5, 3645.27490
321.6, 5016.78662
321.7, 2941.61011
321.8, 2734.21606
321.9, 2482.97705
322.0, 3413.95068
322.1, 3506.80908
322.2, 2875.51123
322.3, 5064.63672
322.4, 2924.22803
322.5, 2259.89111
322.6, 2427.44116
322.7, 3325.73877
322.8, 2983.59912
322.9, 2246.91797
323.0, 5478.42578
323.1, 2898.34961
323.2, 2271.23608
323.3, 1827.67249
323.4, 2677.37183
323.5, 4128.72754
323.6, 6526.52930
323.7, 4890.87500
323.8, 1852.66040
323.9, 1897.42261
324.0, 5554.05273
324.1, 5036.64551
324.2, 3281.28076
324.3, 5038.41553
324.4, 1408.08691
324.5, 2905.59399
324.6, 1575.56873
324.7, 2894.16650
324.8, 3207.71436
324.9, 2517.95264
325.0, 4789.60645
325.1, 1029.38049
325.2, 1176.86279
325.3, 1876.71704
325.4, 2679.38403
325.5, 3769.65625
325.6, 5886.97070
325.7, 3735.56226
325.8, 3318.45386
325.9, 3014.52710
326.0, 3436.24219
326.1, 3332.64258
326.2, 3598.98926
326.3, 5522.17236
326.4, 2934.61182
326.5, 3054.51392
326.6, 3374.89893
326.7, 4789.91943
326.8, 5033.10449
326.9, 4104.15088
327.0, 5102.97900
327.1, 2682.11035
327.2, 2695.14575
327.3, 3721.37036
327.4, 4000.56836
327.5, 3297.42920
327.6, 3719.55591
327.7, 4641.93213
327.8, 2134.56641
327.9, 1484.57080
328.0, 2872.96899
328.1, 2962.88989
328.2, 2854.90527
328.3, 4961.94922
328.4, 2893.78882
328.5, 2177.57910
328.6, 1329.78271
328.7, 1516.47644
328.8, 3666.67871
328.9, 5391.82568
329.0, 5800.65674
329.1, 3498.25415
329.2, 3020.49561
329.3, 3874.40161
329.4, 3422.91846
329.5, 3979.47168
329.6, 4342.79736
329.7, 3140.00171
329.8, 1041.78369
329.9, 1207.74890
330.0, 4850.79150
330.1, 5635.25781
330.2, 7028.93457
330.3, 6839.75977
330.4, 4418.39209
330.5, 3770.34351
330.6, 3846.32837
330.7, 2859.97437
330.8, 3568.37183
330.9, 3163.35962
331.0, 5940.94043
331.1, 4444.22705
331.2, 3928.36328
331.3, 3405.07983
331.4, 3224.70532
331.5, 2039.86389
331.6, 4607.87598
331.7, 3765.69556
331.8, 3201.51147
331.9, 2694.98462
332.0, 3506.21289
332.1, 3589.78149
332.2, 3059.66357
332.3, 4928.15674
332.4, 2519.65747
332.5, 2451.20923
332.6, 2357.84497
332.7, 3083.31860
332.8, 3104.28784
332.9, 2273.31519
333.0, 4781.57227
333.1, 2090.47754
333.2, 2069.24097
333.3, 2346.09277
333.4, 2425.41357
333.5, 1707.90344
333.6, 4476.87012
333.7, 3677.59570
333.8, 2539.29370
333.9, 2246.95996
334.0, 2084.50635
334.1, 1989.83362
334.2, 2524.12695
334.3, 4631.50049
334.4, 1503.23889
334.5, 1576.57983
334.6, 1981.63013
334.7, 3403.06836
334.8, 2693.87451
334.9, 2352.81689
335.0, 4595.51025
335.1, 1480.57458
335.2, 1849.32080
335.3, 2571.34082
335.4, 3310.05518
335.5, 2811.08423
335.6, 4607.17920
335.7, 1524.59802
335.8, 1265.63196
335.9, 1537.27246
336.0, 2476.94287
336.1, 2150.54199
336.2, 1855.36047
336.3, 5209.98438
336.4, 2298.59985
336.5, 1851.76184
336.6, 1608.92261
336.7, 1617.19421
336.8, 2389.42432
336.9, 2388.32690
337.0, 4652.42041
337.1, 1121.54504
337.2, 1501.37402
337.3, 1751.81006
337.4, 2097.45093
337.5, 2071.39966
337.6, 2789.75732
337.7, 3735.34155
337.8, 1114.22632
337.9, 1044.48450
338.0, 2560.22192
338.1, 2378.93311
338.2, 1741.53320
338.3, 4854.36426
338.4, 1100.49316
338.5, 1434.65356
338.6, 1286.86926
338.7, 2586.83716
338.8, 2244.73340
338.9, 2294.22266
339.0, 4759.48047
339.1, 2447.03345
339.2, 2036.03186
339.3, 1664.59839
339.4, 1375.62073
339.5, 1878.80603
339.6, 3502.62402
339.7, 3198.47192
339.8, 822.18109
339.9, 871.83759
340.0, 2524.54077
340.1, 2217.89258
340.2, 2541.57373
340.3, 4528.11865
340.4, 1056.02795
340.5, 1154.39087
340.6, 1376.07849
340.7, 2918.14502
340.8, 2567.71362
340.9, 2372.81274
341.0, 4447.38232
341.1, 768.26141
341.2, 1551.52612
341.3, 1607.95215
341.4, 2051.95728
341.5, 2669.99023
341.6, 4498.58740
341.7, 2775.70435
341.8, 2164.09937
341.9, 1877.06116
342.0, 1399.00342
342.1, 1231.38428
342.2, 1807.32983
342.3, 4633.82910
342.4, 2064.08228
342.5, 1788.38220
342.6, 1735.33813
342.7, 3263.22485
342.8, 2268.98022
342.9, 1862.07617
343.0, 4658.06445
343.1, 1393.44897
343.2, 1718.83093
343.3, 2443.94824
343.4, 2934.31909
343.5, 2515.81079
343.6, 4526.82568
343.7, 3251.14136
343.8, 1841.96582
343.9, 1689.72961
344.0, 2832.53760
344.1, 3088.22778
344.2, 2245.68530
344.3, 4702.46973
344.4, 2506.11084
344.5, 2067.67236
344.6, 2043.80750
344.7, 4352.72314
344.8, 5552.50098
344.9, 3869.53125
345.0, 6347.91064
345.1, 1499.46729
345.2, 3911.39404
345.3, 4019.65674
345.4, 5913.62744
345.5, 5863.59912
345.6, 6589.67139
345.7, 5243.69678
345.8, 5032.03809
345.9, 3258.46875
346.0, 4681.99658
346.1, 3301.56055
346.2, 2375.68823
346.3, 4556.46680
346.4, 1619.62646
346.5, 1932.38977
346.6, 3849.01050
346.7, 3934.69727
346.8, 2236.35278
346.9, 4870.39502
347.0, 5673.75488
347.1, 1917.65283
347.2, 1510.62317
347.3, 1226.60242
347.4, 5633.75244
347.5, 5442.87305
347.6, 6708.84717
347.7, 4063.92139
347.8, 4870.76221
347.9, 5683.57471
348.0, 3479.03711
348.1, 5538.87891
348.2, 4856.45801
348.3, 6283.09082
348.4, 4503.10791
348.5, 4112.18018
348.6, 4484.43066
348.7, 4662.11133
348.8, 4087.86206
348.9, 2698.24707
349.0, 6747.15869
349.1, 5247.85107
349.2, 5319.84814
349.3, 5804.67676
349.4, 5255.95947
349.5, 4292.04590
349.6, 4993.46338
349.7, 6323.61035
349.8, 4443.10547
349.9, 2242.14697
350.0, 1975.93872
350.1, 4245.81689
350.2, 3109.37769
350.3, 6177.62109
350.4, 1611.04797
350.5, 1153.42346
350.6, 5535.18945
350.7, 5620.88818
350.8, 5772.31836
350.9, 3855.86353
351.0, 4843.62744
351.1, 3092.82373
351.2, 1281.62329
351.3, 5383.76953
351.4, 6547.53857
351.5, 4727.93213
351.6, 5027.21875
351.7, 3926.49951
351.8, 3431.10449
351.9, 4624.84570
352.0, 4906.45605
352.1, 3772.34863
352.2, 3373.34229
352.3, 5487.88818
352.4, 4418.54639
352.5, 2958.82959
352.6, 2841.63696
352.7, 2998.16260
352.8, 3355.31860
352.9, 4052.08789
353.0, 4848.10693
353.1, 1456.92749
353.2, 1632.56580
353.3, 4658.72656
353.4, 4577.89551
353.5, 6653.54834
353.6, 6531.56055
353.7, 3555.79517
353.8, 3641.88135
353.9, 4103.56152
354.0, 6266.38623
354.1, 5875.23389
354.2, 4507.19189
354.3, 4984.29883
354.4, 3908.16650
354.5, 4488.49756
354.6, 4998.93457
354.7, 5668.26904
354.8, 5853.81738
354.9, 4966.97754
355.0, 7649.75537
355.1, 4365.82959
355.2, 3236.73486
355.3, 2274.78809
355.4, 2974.64746
355.5, 4312.11963
355.6, 5946.19531
355.7, 4428.49072
355.8, 3249.29736
355.9, 3012.24121
356.0, 5322.15088
356.1, 4339.38037
356.2, 4094.62549
356.3, 4986.23877
356.4, 2000.10010
356.5, 5197.54639
356.6, 5983.80127
356.7, 5642.63525
356.8, 4858.27734
356.9, 4148.34473
357.0, 4903.64600
357.1, 1018.45929
357.2, 1388.18433
357.3, 3667.80786
357.4, 3524.66113
357.5, 3848.10400
357.6, 6197.70264
357.7, 6124.18945
357.8, 5718.77783
357.9, 4548.23535
358.0, 2938.06982
358.1, 2883.91309
358.2, 4550.69336
358.3, 5295.66064
358.4, 3836.89404
358.5, 4071.06567
358.6, 4003.39453
358.7, 5285.75732
358.8, 3599.79297
358.9, 3198.06860
359.0, 5172.65430
359.1, 3601.26782
359.2, 3551.31958
359.3, 4841.07764
359.4, 6797.27002
359.5, 6474.44336
359.6, 6211.37402
359.7, 5592.93018
359.8, 2944.91382
359.9, 2714.67725
360.0, 3835.78320
360.1, 3634.12305
360.2, 3416.34106
360.3, 5458.99707
360.4, 2574.38062
360.5, 2310.10571
360.6, 1677.53760
360.7, 1710.63098
360.8, 3373.44141
360.9, 5309.42285
361.0, 5738.24365
361.1, 3581.79272
361.2, 3031.94849
361.3, 3852.79883
361.4, 3870.82422
361.5, 3915.41260
361.6, 4672.01221
361.7, 5041.55273
361.8, 3013.17651
361.9, 2410.80029
362.0, 4278.45264
362.1, 3856.90405
362.2, 4265.84082
362.3, 5220.11572
362.4, 1901.55444
362.5, 1842.26587
362.6, 3755.46069
362.7, 5947.94141
362.8, 5670.07080
362.9, 4996.05566
363.0, 6353.97363
363.1, 4206.65625
363.2, 3216.32373
363.3, 3524.86719
363.4, 4028.69629
363.5, 4577.24365
363.6, 5624.72168
363.7, 2640.95532
363.8, 2305.05640
363.9, 4739.01465
364.0, 4378.98486
364.1, 3342.39917
364.2, 3360.80542
364.3, 5479.13428
364.4, 3427.82129
364.5, 3252.87500
364.6, 4094.38916
364.7, 4898.71680
364.8, 4764.12988
364.9, 4829.24512
365.0, 5505.68896
365.1, 3194.39722
365.2, 2903.84961
365.3, 3519.05078
365.4, 3446.93262
365.5, 2555.18115
365.6, 3880.94238
365.7, 5082.20215
365.8, 3081.73535
365.9, 2544.99487
366.0, 2149.58179
366.1, 3032.06982
366.2, 3630.59839
366.3, 4793.94141
366.4, 1480.63770
366.5, 1511.31787
366.6, 2864.85498
366.7, 3292.21558
366.8, 3022.37500
366.9, 3137.29956
367.0, 4109.24121
367.1, 1323.25183
367.2, 1048.68726
367.3, 3127.53882
367.4, 2777.67261
367.5, 2365.32202
367.6, 4369.16943
367.7, 3870.78027
367.8, 1355.90808
367.9, 1586.14624
368.0, 4184.25488
368.1, 3538.17944
368.2, 2965.87939
368.3, 5820.38330
368.4, 3167.09668
368.5, 2461.95117
368.6, 2071.37988
368.7, 1520.14270
368.8, 2649.18018
368.9, 2353.22095
369.0, 4458.96289
369.1, 833.22827
369.2, 1154.85901
369.3, 3189.06812
369.4, 2984.03198
369.5, 2324.64453
369.6, 4242.75049
369.7, 1447.36670
369.8, 894.38049
369.9, 1688.93933
370.0, 4369.06836
370.1, 3739.92725
370.2, 3012.22021
370.3, 4879.58643
370.4, 965.91827
370.5, 749.74524
370.6, 2566.87744
370.7, 3695.35645
370.8, 2965.12793
370.9, 2537.80396
371.0, 5691.16309
371.1, 2839.80078
371.2, 2147.26050
371.3, 1583.77087
371.4, 1291.60754
371.5, 1442.56506
371.6, 4128.16553
371.7, 2651.07788
371.8, 1154.94983
371.9, 1330.02283
372.0, 3092.55688
372.1, 2846.39795
372.2, 2255.28442
372.3, 4543.69434
372.4, 1033.23328
372.5, 802.02966
372.6, 3207.44824
372.7, 4454.13574
372.8, 3802.40625
372.9, 3269.29468
373.0, 4873.65186
373.1, 975.18616
373.2, 1351.36829
373.3, 3710.25244
373.4, 3829.68750
373.5, 2948.85571
373.6, 4692.11133
373.7, 3105.63794
373.8, 2690.11646
373.9, 2195.29785
374.0, 1587.24500
374.1, 2027.42163
374.2, 2312.45972
374.3, 5035.25195
374.4, 1862.65869
374.5, 1700.39099
374.6, 3393.59961
374.7, 3878.85986
374.8, 3891.51025
374.9, 2345.35596
375.0, 4596.68799
375.1, 1208.44006
375.2, 1320.31958
375.3, 4252.34521
375.4, 3889.97119
375.5, 3163.14453
375.6, 4036.40088
375.7, 3693.73901
375.8, 1232.91248
375.9, 1272.57507
376.0, 2217.16235
376.1, 815.87152
376.2, 1024.03394
376.3, 5590.26953
376.4, 4019.93555
376.5, 2833.72729
376.6, 1461.68787
376.7, 3812.49219
376.8, 6644.45459
376.9, 6118.87549
377.0, 7463.82227
377.1, 6767.17432
377.2, 5498.71826
377.3, 5964.51172
377.4, 5192.74902
377.5, 4210.62451
377.6, 5286.83984
377.7, 3998.57397
377.8, 3549.79346
377.9, 2688.49341
378.0, 4564.41016
378.1, 3949.69214
378.2, 3715.39355
378.3, 4996.50928
378.4, 2208.21484
378.5, 1590.85596
378.6, 1845.20105
378.7, 2529.88477
378.8, 5161.01904
378.9, 2842.39136
379.0, 6602.14551
379.1, 5262.24170
379.2, 3474.66211
379.3, 2036.34961
379.4, 1807.71301
379.5, 2841.08862
379.6, 5073.36572
379.7, 2476.40210
379.8, 4402.57275
379.9, 4436.17920
380.0, 5007.76758
380.1, 4108.19482
380.2, 4214.25781
380.3, 5440.31689
380.4, 2616.66772
380.5, 2616.29785
380.6, 3452.92822
380.7, 4125.57031
380.8, 3369.38965
380.9, 2903.32373
381.0, 4879.09766
381.1, 1836.86292
381.2, 1857.07312
381.3, 2432.78638
381.4, 2511.26660
381.5, 2170.66992
381.6, 4381.74805
381.7, 5493.63965
381.8, 3147.09155
381.9, 2166.00098
382.0, 2542.81812
382.1, 4239.03516
382.2, 5258.21582
382.3, 6205.18799
382.4, 2304.43506
382.5, 1332.80188
382.6, 4148.33105
382.7, 4060.58325
382.8, 3398.33862
382.9, 2592.89185
383.0, 4529.13281
383.1, 2449.51050
383.2, 3384.61914
383.3, 2306.62915
383.4, 1989.06897
383.5, 1738.02832
383.6, 3753.88330
383.7, 4044.70825
383.8, 2166.62793
383.9, 3533.29492
384.0, 5858.28809
384.1, 4759.58301
384.2, 3413.84204
384.3, 6102.67627
384.4, 5167.02100
384.5, 4587.72803
384.6, 3903.21802
384.7, 3432.81128
384.8, 2397.92432
384.9, 2424.04126
385.0, 4950.07812
385.1, 2159.09961
385.2, 2609.05713
385.3, 5881.90771
385.4, 4518.74072
385.5, 4384.98340
385.6, 5269.40479
385.7, 3379.30127
385.8, 3809.64746
385.9, 4030.25195
386.0, 4842.55078
386.1, 3488.46582
386.2, 3874.30103
386.3, 6289.46631
386.4, 4388.63623
386.5, 3261.10498
386.6, 2718.87207
386.7, 2639.22412
386.8, 1890.38672
386.9, 1736.14844
387.0, 6929.25391
387.1, 5155.21533
387.2, 5161.48389
387.3, 4421.50293
387.4, 5239.22168
387.5, 6474.78320
387.6, 5368.62891
387.7, 4973.69043
387.8, 3754.46899
387.9, 4013.33398
388.0, 6337.38672
388.1, 4949.54053
388.2, 5735.14258
388.3, 5408.75977
388.4, 2938.46143
388.5, 1707.88965
388.6, 5157.61865
388.7, 5375.87012
388.8, 4122.96338
388.9, 3337.41504
389.0, 4593.45947
389.1, 1658.71045
389.2, 3530.22314
389.3, 7032.07031
389.4, 5726.41943
389.5, 5813.03857
389.6, 6239.55811
389.7, 6563.26465
389.8, 5084.52051
389.9, 4065.10181
390.0, 3574.78149
390.1, 4278.70947
390.2, 4658.99219
390.3, 5540.02686
390.4, 4756.93213
390.5, 4549.50391
390.6, 4674.31836
390.7, 6007.17285
390.8, 5399.82471
390.9, 4491.70312
391.0, 6363.61377
391.1, 4057.69360
391.2, 4215.05127
391.3, 5737.28369
391.4, 5088.52100
391.5, 5399.90332
391.6, 5122.89209
391.7, 4803.92041
391.8, 2807.93726
391.9, 2815.49365
392.0, 5044.22266
392.1, 4814.31787
392.2, 3804.05298
392.3, 6184.55713
392.4, 4683.24756
392.5, 3264.26147
392.6, 3087.28711
392.7, 3375.73511
392.8, 4319.00439
392.9, 4304.84766
393.0, 4891.05273
393.1, 2167.79663
393.2, 2909.37134
393.3, 5438.42920
393.4, 4946.64209
393.5, 3906.97559
393.6, 4626.78809
393.7, 5000.68994
393.8, 3603.74731
393.9, 3854.98926
394.0, 6636.52148
394.1, 5834.79541
394.2, 4979.52295
394.3, 5831.60596
394.4, 3057.04956
394.5, 2826.36133
394.6, 3518.33154
394.7, 4752.25049
394.8, 4114.36328
394.9, 3312.01123
395.0, 6753.29492
395.1, 4608.75049
395.2, 4481.07568
395.3, 4030.87158
395.4, 3982.50049
395.5, 4050.55884
395.6, 5213.27734
395.7, 4388.98096
395.8, 3181.39795
395.9, 3542.27051
396.0, 5101.98291
396.1, 4816.88232
396.2, 3752.41187
396.3, 5414.90771
396.4, 2646.69849
396.5, 2827.73999
396.6, 3024.93945
396.7, 3674.35132
396.8, 3220.49658
396.9, 3158.58691
397.0, 5291.87109
397.1, 2570.12378
397.2, 2271.38037
397.3, 3842.24316
397.4, 3553.86133
397.5, 3089.72852
397.6, 3981.64844
397.7, 6040.18555
397.8, 4498.19971
397.9, 4323.20312
398.0, 4483.06006
398.1, 3842.59058
398.2, 3857.32056
398.3, 5426.16602
398.4, 3775.52637
398.5, 2333.97046
398.6, 5699.71484
398.7, 5619.82227
398.8, 4174.70410
398.9, 3695.31909
399.0, 5689.97266
399.1, 3566.54810
399.2, 2874.45630
399.3, 4262.49316
399.4, 4170.92969
399.5, 3739.31030
399.6, 4644.47803
399.7, 5012.11816
399.8, 2896.34082
399.9, 3346.84033
400.0, 4608.92920
400.1, 3863.28906
400.2, 3070.12061
400.3, 7570.37549
400.4, 6390.99414
400.5, 4804.79443
400.6, 3602.62622
400.7, 3627.50073
400.8, 4390.96387
400.9, 4088.52222
401.0, 6038.38770
401.1, 3564.41040
401.2, 2712.41284
401.3, 5167.29297
401.4, 4261.37451
401.5, 4309.41064
401.6, 6081.25098
401.7, 3991.31152
401.8, 3414.12012
401.9, 3872.57104
402.0, 5567.00830
402.1, 4235.21240
402.2, 4060.04980
402.3, 6583.40088
402.4, 4240.87158
402.5, 3402.05151
402.6, 4028.72339
402.7, 4479.46631
402.8, 3694.73315
402.9, 2720.94043
403.0, 7196.55176
403.1, 4784.87695
403.2, 4124.01465
403.3, 4726.14502
403.4, 4293.67578
403.5, 4594.62109
403.6, 5878.97217
403.7, 5523.14062
403.8, 4783.53955
403.9, 2756.11938
404.0, 3992.86963
404.1, 4052.02466
404.2, 3968.67773
404.3, 6014.59424
404.4, 3217.99072
404.5, 2838.34619
404.6, 4084.51807
404.7, 5295.55420
404.8, 4661.66602
404.9, 2782.30322
405.0, 6419.23438
405.1, 3195.41992
405.2, 2181.87793
405.3, 4384.47510
405.4, 4836.89111
405.5, 3791.49609
405.6, 5820.96094
405.7, 4746.65332
405.8, 4819.19775
405.9, 4168.72949
406.0, 4933.95459
406.1, 4042.11621
406.2, 4308.11035
406.3, 6040.27832
406.4, 3458.12524
406.5, 2514.55933
406.6, 3105.69263
406.7, 5515.75342
406.8, 4520.78906
406.9, 3447.74805
407.0, 5887.70605
407.1, 3447.22095
407.2, 3417.73535
407.3, 5418.67090
407.4, 5834.21729
407.5, 4868.98242
407.6, 5278.27783
407.7, 5074.81982
407.8, 2980.08081
407.9, 2401.98193
408.0, 7142.59473
408.1, 6188.45605
408.2, 5472.14502
408.3, 7930.93408
408.4, 2690.23950
408.5, 2398.02124
408.6, 2342.16187
408.7, 2128.56348
408.8, 2036.19800
408.9, 2000.36646
409.0, 1811.42822
409.1, 1698.80225
409.2, 1606.40759
409.3, 1502.63770
409.4, 1377.60474
409.5, 1299.48889
409.6, 1180.28406
409.7, 1086.44885
409.8, 989.03058
409.9, 888.84998
410.0, 780.99866
410.1, 748.51147
410.2, 703.92468
410.3, 658.97321
410.4, 624.86523
410.5, 615.37653
410.6, 617.89062
410.7, 597.60455
410.8, 568.70258
410.9, 561.56091
411.0, 543.86749
411.1, 557.70447
411.2, 612.71027
411.3, 684.78278
411.4, 767.92316
411.5, 861.95435
411.6, 980.06689
411.7, 1100.81360
411.8, 1188.85730
411.9, 1281.72424
412.0, 1376.31665
412.1, 1466.51379
412.2, 1530.74939
412.3, 1579.63538
412.4, 1641.00012
412.5, 1733.51733
412.6, 1844.31970
412.7, 1987.50098
412.8, 2171.23389
412.9, 2365.79150
413.0, 2542.78467
413.1, 2658.90234
413.2, 2757.20410
413.3, 2861.39453
413.4, 2980.33838
413.5, 3077.64160
413.6, 3158.12549
413.7, 4627.48486
413.8, 4302.40430
413.9, 3634.60767
414.0, 3139.84277
414.1, 2847.06079
414.2, 3937.86816
414.3, 5146.79590
414.4, 2165.53662
414.5, 1865.42810
414.6, 2369.70532
414.7, 3586.15137
414.8, 3289.41553
414.9, 2898.27783
415.0, 4552.92627
415.1, 1475.82080
415.2, 1957.28247
415.3, 3058.70386
415.4, 2804.46558
415.5, 2603.78149
415.6, 4729.01611
415.7, 2859.26758
415.8, 2226.35498
415.9, 1988.93726
416.0, 2711.34595
416.1, 2137.94604
416.2, 1891.47510
416.3, 5884.42090
416.4, 4372.99609
416.5, 4157.72119
416.6, 3373.92188
416.7, 2929.10913
416.8, 2876.53857
416.9, 2952.36743
417.0, 4660.80420
417.1, 1594.30823
417.2, 1458.78564
417.3, 3425.23828
417.4, 3135.48047
417.5, 2873.80469
417.6, 4366.59277
417.7, 2869.24365
417.8, 1616.62659
417.9, 1675.94263
418.0, 4035.21533
418.1, 3558.82397
418.2, 3589.48804
418.3, 5317.02734
418.4, 2995.76978
418.5, 2761.99658
418.6, 2759.25977
418.7, 2923.24634
418.8, 2886.11157
418.9, 2614.59985
419.0, 6249.99316
419.1, 3590.60449
419.2, 3130.08423
419.3, 2305.13696
419.4, 2110.08569
419.5, 3502.20190
419.6, 4840.46533
419.7, 2036.20972
419.8, 1781.57544
419.9, 2107.79321
420.0, 4400.57080
420.1, 4082.82471
420.2, 3945.46338
420.3, 5005.13672
420.4, 1788.73877
420.5, 2004.61047
420.6, 2885.84546
420.7, 3466.48242
420.8, 3009.53979
420.9, 2585.47510
421.0, 5480.50195
421.1, 2812.77344
421.2, 2620.36816
421.3, 3098.41528
421.4, 2812.15259
421.5, 2766.14062
421.6, 4250.42578
421.7, 5538.65088
421.8, 3140.98633
421.9, 2489.65527
422.0, 2167.40820
422.1, 2146.42090
422.2, 2279.85229
422.3, 4810.42822
422.4, 1762.58252
422.5, 2306.44019
422.6, 2685.50195
422.7, 3268.83423
422.8, 3146.27466
422.9, 2875.35059
423.0, 4249.80127
423.1, 1757.20007
423.2, 2247.57666
423.3, 2568.45947
423.4, 2518.76025
423.5, 3551.47876
423.6, 4176.96387
423.7, 4151.75635
423.8, 2097.79175
423.9, 1711.71082
424.0, 2563.77856
424.1, 2531.49512
424.2, 1914.06445
424.3, 6056.01074
424.4, 4746.55908
424.5, 3644.53320
424.6, 3205.07788
424.7, 2767.20239
424.8, 2913.22339
424.9, 2717.00610
425.0, 4815.33740
425.1, 1662.24475
425.2, 1328.69788
425.3, 4555.01270
425.4, 4155.51221
425.5, 3741.37695
425.6, 4845.13135
425.7, 2116.10254
425.8, 1795.49585
425.9, 2396.41357
426.0, 3565.90112
426.1, 3161.35205
426.2, 2765.50391
426.3, 6051.53223
426.4, 3826.22559
426.5, 3197.25122
426.6, 2796.76514
426.7, 2976.05347
426.8, 2453.38013
426.9, 1938.74500
427.0, 6925.87793
427.1, 5063.30225
427.2, 5042.36768
427.3, 4337.28223
427.4, 3891.90039
427.5, 4420.26807
427.6, 5219.81689
427.7, 2938.32446
427.8, 1889.51672
427.9, 1859.36755
428.0, 5081.39111
428.1, 4739.61475
428.2, 4703.94092
428.3, 4955.24854
428.4, 2072.63745
428.5, 2046.67786
428.6, 3681.87891
428.7, 4421.68555
428.8, 4104.29883
428.9, 3559.34595
429.0, 5303.25537
429.1, 2652.32031
429.2, 3151.76367
429.3, 4232.01465
429.4, 4398.06396
429.5, 4478.60352
429.6, 5836.50879
429.7, 6320.22412
429.8, 5376.91162
429.9, 4462.60596
430.0, 3978.19849
430.1, 4072.89233
430.2, 4619.42822
430.3, 5563.36279
430.4, 2834.25244
430.5, 2199.70117
430.6, 2943.99194
430.7, 5180.40381
430.8, 5047.30566
430.9, 4557.36084
431.0, 4955.95703
431.1, 1748.78247
431.2, 2129.96826
431.3, 4860.18066
431.4, 4920.05664
431.5, 4522.62549
431.6, 4356.15479
431.7, 4608.01074
431.8, 2715.70996
431.9, 2781.83521
432.0, 4383.31982
432.1, 3932.03809
432.2, 2957.52563
432.3, 6199.46582
432.4, 4500.02539
432.5, 4205.19092
432.6, 3470.68628
432.7, 3303.68579
432.8, 3683.94189
432.9, 4826.97119
433.0, 4578.08691
433.1, 1736.59534
433.2, 2041.78601
433.3, 4074.97705
433.4, 4256.23096
433.5, 3900.86523
433.6, 4768.99023
433.7, 3596.57910
433.8, 2110.11987
433.9, 2981.91846
434.0, 5467.88281
434.1, 4606.21094
434.2, 4240.32178
434.3, 5789.41162
434.4, 3330.75952
434.5, 3032.60327
434.6, 3277.92969
434.7, 4052.82495
434.8, 3496.90039
434.9, 3116.55298
435.0, 6202.06299
435.1, 3719.47510
435.2, 2912.66016
435.3, 2549.75732
435.4, 2461.37598
435.5, 3669.75806
435.6, 4955.24854
435.7, 2453.30151
435.8, 1998.61035
435.9, 2845.03125
436.0, 4494.52197
436.1, 3432.55347
436.2, 3507.19775
436.3, 4928.10107
436.4, 1670.54749
436.5, 1694.69421
436.6, 2489.40601
436.7, 2743.57666
436.8, 2524.56201
436.9, 2493.55225
437.0, 5367.96729
437.1, 2756.10107
437.2, 2395.91821
437.3, 3777.22192
437.4, 3296.38843
437.5, 2710.99048
437.6, 4189.40625
437.7, 5814.49512
437.8, 3618.20312
437.9, 2661.18555
438.0, 2137.16553
438.1, 2704.69824
438.2, 3673.70898
438.3, 5116.90332
438.4, 2296.63721
438.5, 1991.53052
438.6, 2593.36548
438.7, 3000.35693
438.8, 2909.23193
438.9, 2616.44141
439.0, 4197.85645
439.1, 1100.92627
439.2, 1305.21118
439.3, 4146.45605
439.4, 4303.60645
439.5, 3966.08667
439.6, 4510.71387
439.7, 4077.89819
439.8, 2097.63257
439.9, 2335.46851
440.0, 3006.04663
440.1, 2614.15649
440.2, 2831.74951
440.3, 6078.65869
440.4, 4428.21191
440.5, 3460.95947
440.6, 2552.06201
440.7, 1932.29102
440.8, 2650.72412
440.9, 2508.85059
441.0, 4859.68164
441.1, 2214.83325
441.2, 2600.20874
441.3, 3734.59448
441.4, 3402.95264
441.5, 3014.51172
441.6, 4773.34570
441.7, 2157.05151
441.8, 2048.22192
441.9, 2128.63867
442.0, 4110.11719
442.1, 3145.87451
442.2, 2952.53101
442.3, 4960.97070
442.4, 2019.93945
442.5, 2191.87158
442.6, 2782.43384
442.7, 3413.44775
442.8, 3599.83838
442.9, 2830.47192
443.0, 6189.17627
443.1, 3607.25293
443.2, 3064.79565
443.3, 2313.60376
443.4, 2321.13794
443.5, 3770.36328
443.6, 4802.03711
443.7, 2874.38843
443.8, 1433.32092
443.9, 1599.82788
444.0, 3433.59399
444.1, 3358.56006
444.2, 2877.25928
444.3, 4519.04199
444.4, 1531.69666
444.5, 2040.23792
444.6, 2887.74902
444.7, 3432.80933
444.8, 2791.58472
444.9, 2616.83496
445.0, 4692.70605
445.1, 1620.37903
445.2, 1983.13635
445.3, 2328.15283
445.4, 2293.91943
445.5, 1937.67969
445.6, 2343.80908
445.7, 2602.20581
445.8, 2021.51294
445.9, 1755.07202
446.0, 2800.17285
446.1, 5183.19531
446.2, 4892.00000
446.3, 4121.06592
446.4, 3577.23975
446.5, 3597.59717
446.6, 4000.26636
446.7, 3572.09277
446.8, 2030.73743
446.9, 3786.47046
447.0, 4021.47827
447.1, 3999.85327
447.2, 3554.36768
447.3, 3201.54443
447.4, 2805.10034
447.5, 2565.70068
447.6, 5873.66162
447.7, 4301.14404
447.8, 2326.69946
447.9, 1647.16455
448.0, 1201.38477
448.1, 1228.42151
448.2, 1107.57922
448.3, 4751.39404
448.4, 3019.79199
448.5, 1956.12756
448.6, 1364.56482
448.7, 1306.98669
448.8, 2457.54565
448.9, 5328.46973
449.0, 6095.21729
449.1, 3691.45679
449.2, 3691.70703
449.3, 3867.33398
449.4, 2627.75439
449.5, 2880.31812
449.6, 4251.50586
449.7, 4411.39453
449.8, 3313.16528
449.9, 3079.45361
450.0, 3594.39087
450.1, 3705.32520
450.2, 3533.65381
450.3, 4888.57764
450.4, 1673.68848
450.5, 1232.36060
450.6, 1451.70081
450.7, 2113.89209
450.8, 1776.77905
450.9, 1972.61731
451.0, 6052.92432
451.1, 3858.11011
451.2, 2983.53516
451.3, 2007.67627
451.4, 2667.44360
451.5, 6181.67236
451.6, 5733.91211
451.7, 3406.48022
451.8, 1023.15338
451.9, 3886.63843
452.0, 5145.84131
452.1, 4851.19678
452.2, 4454.29590
452.3, 5493.71045
452.4, 3768.41064
452.5, 3378.40039
452.6, 2608.27637
452.7, 3423.71118
452.8, 3040.35303
452.9, 2334.73071
453.0, 5802.64941
453.1, 3749.65601
453.2, 3571.05420
453.3, 4351.60107
453.4, 4255.11279
453.5, 4194.98730
453.6, 5250.24951
453.7, 3983.60791
453.8, 3190.94189
453.9, 3895.28638
454.0, 3272.31299
454.1, 3196.02075
454.2, 1907.06946
454.3, 5094.66699
454.4, 3502.63354
454.5, 3728.61279
454.6, 3619.41797
454.7, 4473.21484
454.8, 4289.43799
454.9, 3602.73901
455.0, 4935.23926
455.1, 2595.26807
455.2, 2283.43164
455.3, 2706.13721
455.4, 2850.07812
455.5, 3746.66992
455.6, 4979.91895
455.7, 3817.67236
455.8, 2848.89575
455.9, 2687.52612
456.0, 3710.64355
456.1, 3213.73560
456.2, 2827.39551
456.3, 5396.60889
456.4, 3099.82715
456.5, 2694.35938
456.6, 2577.06421
456.7, 2944.80127
456.8, 3122.55713
456.9, 4311.64990
457.0, 5452.15576
457.1, 1950.60925
457.2, 2282.69165
457.3, 3635.12744
457.4, 3018.51050
457.5, 2659.75073
457.6, 5933.29346
457.7, 2889.96558
457.8, 3425.10840
457.9, 3302.84253
458.0, 4112.75977
458.1, 4363.64160
458.2, 3715.62744
458.3, 5073.86084
458.4, 1105.09717
458.5, 1377.23035
458.6, 1549.49976
458.7, 2749.30005
458.8, 3450.83521
458.9, 3153.90723
459.0, 5844.54395
459.1, 4128.57324
459.2, 2735.29980
459.3, 2360.05420
459.4, 2270.39673
459.5, 2922.90161
459.6, 3653.69336
459.7, 4270.00293
459.8, 1954.06714
459.9, 1989.29163
460.0, 4117.62939
460.1, 3993.64404
460.2, 3706.52563
460.3, 4612.16797
460.4, 1402.62354
460.5, 1557.06934
460.6, 2881.57910
460.7, 4249.21143
460.8, 3891.85352
460.9, 3726.77881
461.0, 5399.72314
461.1, 2382.33374
461.2, 2765.57495
461.3, 2864.00195
461.4, 3546.13623
461.5, 3141.70898
461.6, 3785.71167
461.7, 4638.89941
461.8, 2752.11914
461.9, 1801.06360
462.0, 1606.72424
462.1, 3691.83911
462.2, 5352.04736
462.3, 5864.75195
462.4, 3825.85767
462.5, 3460.85083
462.6, 3202.11426
462.7, 3378.75757
462.8, 3121.63672
462.9, 2882.29150
463.0, 4932.48682
463.1, 2072.61670
463.2, 2043.74792
463.3, 3322.20776
463.4, 5653.42139
463.5, 4617.48047
463.6, 5441.14014
463.7, 2047.67908
463.8, 1308.47485
463.9, 1519.06506
464.0, 3635.41772
464.1, 4365.02246
464.2, 4287.16797
464.3, 5747.04053
464.4, 3982.68433
464.5, 3234.42114
464.6, 2341.93604
464.7, 2588.60571
464.8, 2039.41833
464.9, 1779.77051
465.0, 4862.08350
465.1, 3256.62915
465.2, 2743.79688
465.3, 3054.35400
465.4, 3726.92261
465.5, 3087.68433
465.6, 4711.47217
465.7, 3122.78442
465.8, 1972.47791
465.9, 2041.51648
466.0, 3474.34692
466.1, 3525.61157
466.2, 2522.01099
466.3, 5520.88379
466.4, 3001.34790
466.5, 2286.00928
466.6, 2302.86255
466.7, 2773.18677
466.8, 2653.43701
466.9, 2009.82166
467.0, 5885.41260
467.1, 2875.70264
467.2, 2760.12329
467.3, 2328.79980
467.4, 2159.56836
467.5, 2704.54126
467.6, 4742.09766
467.7, 1956.75488
467.8, 1687.25244
467.9, 1821.00342
468.0, 3535.99878
468.1, 3290.68921
468.2, 2855.56616
468.3, 4854.74805
468.4, 1699.94202
468.5, 1527.76221
468.6, 1665.27698
468.7, 2963.67041
468.8, 2462.42261
468.9, 2159.42627
469.0, 4833.05127
469.1, 1517.01428
469.2, 1789.01794
469.3, 2175.53418
469.4, 2343.63721
469.5, 1965.06287
469.6, 3178.06250
469.7, 4275.73926
469.8, 1929.83472
469.9, 1499.45251
470.0, 1578.68079
470.1, 1851.89966
470.2, 2780.85303
470.3, 4604.65674
470.4, 1178.76318
470.5, 1068.73279
470.6, 1247.13110
470.7, 2081.25195
470.8, 1989.73279
470.9, 2041.80774
471.0, 4181.42822
471.1, 910.39166
471.2, 1071.97009
471.3, 1865.08215
471.4, 1926.61963
471.5, 1944.64673
471.6, 3514.05029
471.7, 3278.63281
471.8, 552.46124
471.9, 552.88586
472.0, 1914.32446
472.1, 2244.65527
472.2, 1880.05090
472.3, 4892.67432
472.4, 2236.27148
472.5, 1920.46338
472.6, 1530.53003
472.7, 1286.97058
472.8, 1172.02722
472.9, 944.57294
473.0, 4381.60840
473.1, 633.35730
473.2, 914.01367
473.3, 2060.35449
473.4, 2409.19873
473.5, 1702.57166
473.6, 4441.74561
473.7, 1356.88318
473.8, 753.03345
473.9, 634.35522
474.0, 2441.01318
474.1, 2163.59521
474.2, 1777.04370
474.3, 4376.31104
474.4, 772.48914
474.5, 1027.23474
474.6, 991.20581
474.7, 2044.73987
474.8, 1911.21301
474.9, 1655.38989
475.0, 4871.95605
475.1, 1980.01233
475.2, 2160.10498
475.3, 1275.90454
475.4, 1029.20898
475.5, 1887.35278
475.6, 3930.69043
475.7, 2753.06665
475.8, 1354.22302
475.9, 1174.08618
476.0, 3017.37329
476.1, 2743.51636
476.2, 2611.14380
476.3, 4667.61621
476.4, 1319.18384
476.5, 1574.46179
476.6, 1371.23425
476.7, 2864.00708
476.8, 2452.90625
476.9, 1948.88489
477.0, 4772.40869
477.1, 1061.46655
477.2, 1309.69080
477.3, 1959.16150
477.4, 2808.40918
477.5, 1856.04773
477.6, 4219.91504
477.7, 3057.29297
477.8, 2735.91748
477.9, 1990.23010
478.0, 1449.33386
478.1, 5127.37695
478.2, 5604.35645
478.3, 6127.76562
478.4, 3058.56348
478.5, 1382.65112
478.6, 3418.34180
478.7, 4134.70410
478.8, 2964.37769
478.9, 2086.80420
479.0, 4431.45020
479.1, 3195.02441
479.2, 3734.61011
479.3, 3977.86353
479.4, 2939.95532
479.5, 4104.27539
479.6, 3761.90503
479.7, 4079.10156
479.8, 3689.25830
479.9, 2738.65332
480.0, 3315.28662
480.1, 4551.63867
480.2, 3038.25635
480.3, 5477.64893
480.4, 3291.72852
480.5, 2811.76196
480.6, 2772.49731
480.7, 3301.24707
480.8, 3551.31714
480.9, 4065.65674
481.0, 5093.42773
481.1, 2866.80225
481.2, 2715.00928
481.3, 2976.53516
481.4, 3395.41968
481.5, 2923.71191
481.6, 4212.51709
481.7, 3716.49756
481.8, 1846.49219
481.9, 2199.32983
482.0, 3131.76050
482.1, 3121.51855
482.2, 2624.82666
482.3, 4993.25684
482.4, 1295.04797
482.5, 2515.16724
482.6, 2785.25195
482.7, 3736.03296
482.8, 2961.85303
482.9, 2429.68530
483.0, 6238.52979
483.1, 3882.17749
483.2, 3041.48145
483.3, 2040.95117
483.4, 1816.89575
483.5, 4455.27539
483.6, 5868.98975
483.7, 3467.79688
483.8, 3002.62183
483.9, 2800.87402
484.0, 4310.78711
484.1, 3980.45801
484.2, 3256.90552
484.3, 4859.40820
484.4, 2605.88599
484.5, 2362.32007
484.6, 2194.27930
484.7, 3395.86182
484.8, 2399.94434
484.9, 2028.80640
485.0, 4979.08936
485.1, 2103.54834
485.2, 2238.15723
485.3, 3410.00049
485.4, 3964.29761
485.5, 4070.54858
485.6, 4930.15771
485.7, 3661.46826
485.8, 2339.01025
485.9, 1939.50110
486.0, 2956.42554
486.1, 2547.95166
486.2, 1879.09509
486.3, 4850.33008
486.4, 3531.67261
486.5, 2760.31152
486.6, 2972.40137
486.7, 4076.91260
486.8, 3171.59375
486.9, 2857.65894
487.0, 4855.66699
487.1, 1890.19495
487.2, 1886.43665
487.3, 2516.02075
487.4, 3491.34155
487.5, 2489.85889
487.6, 4807.21582
487.7, 2733.69336
487.8, 2343.24121
487.9, 2929.98413
488.0, 3744.24048
488.1, 3479.18579
488.2, 2956.96289
488.3, 5506.48877
488.4, 3108.75806
488.5, 2788.06226
488.6, 2091.20630
488.7, 2087.44458
488.8, 2505.54810
488.9, 3900.47290
489.0, 5252.31982
489.1, 847.58441
489.2, 2136.33276
489.3, 3157.78418
489.4, 2738.50879
489.5, 3222.30127
489.6, 3657.86157
489.7, 4100.53516
489.8, 1906.45300
489.9, 1385.23083
490.0, 2852.89185
490.1, 2640.43140
490.2, 2538.88208
490.3, 4920.13037
490.4, 1897.13965
490.5, 1072.62280
490.6, 1374.09375
490.7, 2090.29492
490.8, 2065.52466
490.9, 3325.29639
491.0, 5121.53223
491.1, 1866.40417
491.2, 3002.10986
491.3, 1430.65527
491.4, 2088.11621
491.5, 2237.74536
491.6, 3593.37402
491.7, 3139.09180
491.8, 813.34698
491.9, 2670.76562
492.0, 5306.36865
492.1, 5066.42871
492.2, 5510.94775
492.3, 5680.22705
492.4, 2916.22168
492.5, 2701.06250
492.6, 3164.48999
492.7, 4213.78906
492.8, 3790.46533
492.9, 3548.75562
493.0, 5298.78857
493.1, 2307.69409
493.2, 1951.38831
493.3, 2242.56030
493.4, 2925.70117
493.5, 2792.64282
493.6, 4685.91748
493.7, 3339.64136
493.8, 2502.76465
493.9, 1486.92639
494.0, 2471.30811
494.1, 3871.26562
494.2, 3969.77563
494.3, 5863.24707
494.4, 3197.17480
494.5, 2890.71802
494.6, 2504.70239
494.7, 4222.59326
494.8, 4401.70117
494.9, 4085.10962
495.0, 5373.95605
495.1, 2339.85474
495.2, 2080.78931
495.3, 4028.38208
495.4, 5287.62891
495.5, 4525.74707
495.6, 5173.71680
495.7, 2877.59790
495.8, 2045.90454
495.9, 3560.30933
496.0, 4424.41309
496.1, 3015.56152
496.2, 3422.58276
496.3, 5700.37451
496.4, 4530.20264
496.5, 4486.12500
496.6, 3320.05786
496.7, 2891.65454
496.8, 3198.18530
496.9, 2926.19287
497.0, 5185.71631
497.1, 2285.57886
497.2, 2519.23267
497.3, 2946.60962
497.4, 3325.53418
497.5, 3095.40918
497.6, 4982.13721
497.7, 2707.64380
497.8, 2328.66870
497.9, 2084.59131
498.0, 3008.23438
498.1, 2933.15283
498.2, 2505.84741
498.3, 4923.01025
498.4, 1952.57312
498.5, 2051.55322
498.6, 1968.47815
498.7, 2737.70605
498.8, 2607.39429
498.9, 2216.06445
499.0, 5286.43066
499.1, 2428.77734
499.2, 2336.06323
499.3, 2114.01831
499.4, 1877.25867
499.5, 2178.38843
499.6, 3056.48828
499.7, 4158.04541
499.8, 1662.79724
499.9, 1488.14014
500.0, 2902.94702
500.1, 2815.81494
500.2, 2479.70093
500.3, 4745.20215
500.4, 966.27905
500.5, 1688.11182
500.6, 1426.78564
500.7, 2802.01953
500.8, 2420.46777
500.9, 2283.91626
501.0, 4132.73975
501.1, 481.43759
501.2, 1298.32666
501.3, 1972.04102
501.4, 2201.48975
501.5, 1802.58899
501.6, 3705.81714
501.7, 3639.21948
501.8, 1251.32422
501.9, 1004.05090
502.0, 1314.34497
502.1, 1490.16882
502.2, 2397.82983
502.3, 4421.62744
502.4, 1067.61829
502.5, 1123.67407
502.6, 1124.44873
502.7, 2254.63403
502.8, 2026.81287
502.9, 1620.44861
503.0, 4400.50830
503.1, 615.96533
503.2, 965.57849
503.3, 1815.69409
503.4, 2014.77222
503.5, 1631.32727
503.6, 4620.92529
503.7, 1321.55383
503.8, 1125.79260
503.9, 1056.34631
504.0, 2224.21265
504.1, 2173.87622
504.2, 2149.25806
504.3, 4720.90381
504.4, 2411.65479
504.5, 1994.10913
504.6, 1650.03967
504.7, 1475.39282
504.8, 1706.96863
504.9, 1473.01270
505.0, 4620.03076
505.1, 712.76752
505.2, 939.14136
505.3, 2074.63062
505.4, 2455.56665
505.5, 2469.48413
505.6, 4142.30176
505.7, 2449.35522
505.8, 962.27948
505.9, 1203.63159
506.0, 2663.59253
506.1, 2507.52197
506.2, 2630.94873
506.3, 4489.20215
506.4, 1180.51038
506.5, 1320.62244
506.6, 1184.23535
506.7, 2244.53198
506.8, 2332.59570
506.9, 1909.45276
507.0, 4972.34229
507.1, 2156.29712
507.2, 2223.23975
507.3, 1380.45593
507.4, 1292.76990
507.5, 1720.47253
507.6, 4453.87988
507.7, 2374.69360
507.8, 1814.19678
507.9, 1613.66541
508.0, 3043.61353
508.1, 2535.49829
508.2, 1946.03772
508.3, 4659.68213
508.4, 1688.80884
508.5, 1555.17981
508.6, 1600.60352
508.7, 3210.29272
508.8, 2610.68237
508.9, 2315.02686
509.0, 5098.98438
509.1, 2009.70593
509.2, 1761.85486
509.3, 2158.25244
509.4, 3294.98730
509.5, 2760.48022
509.6, 3689.31543
509.7, 3675.03369
509.8, 2171.86182
509.9, 1597.66406
510.0, 3261.67114
510.1, 5058.22656
510.2, 5007.71777
510.3, 6791.00342
510.4, 3929.21680
510.5, 4216.93604
510.6, 4486.03857
510.7, 6044.24658
510.8, 5482.23584
510.9, 4178.60156
511.0, 6347.72656
511.1, 4441.29004
511.2, 5539.00928
511.3, 6315.14160
511.4, 5958.76953
511.5, 3962.26172
511.6, 3861.11157
511.7, 3903.26343
511.8, 3777.15161
511.9, 3639.72949
512.0, 3053.17896
512.1, 1923.50940
512.2, 4761.68506
512.3, 6526.85840
512.4, 4988.79492
512.5, 3549.34595
512.6, 2069.76196
512.7, 1525.95728
512.8, 1557.04346
512.9, 2138.28101
513.0, 4563.09717
513.1, 1345.90637
513.2, 3162.25342
513.3, 4854.54102
513.4, 3721.83276
513.5, 3970.89404
513.6, 4005.07397
513.7, 3248.71436
513.8, 3954.80493
513.9, 3821.62305
514.0, 4880.67139
514.1, 4911.60059
514.2, 4350.10840
514.3, 6809.49805
514.4, 5297.56641
514.5, 5303.62061
514.6, 4281.89746
514.7, 3869.69019
514.8, 2980.21973
514.9, 2531.53418
515.0, 6522.18945
515.1, 4059.86548
515.2, 2553.14697
515.3, 2146.21118
515.4, 4019.22925
515.5, 3524.48364
515.6, 6262.06396
515.7, 2809.05518
515.8, 1243.03027
515.9, 3857.84277
516.0, 5213.84863
516.1, 6024.63818
516.2, 5456.49902
516.3, 5827.10156
516.4, 3085.19995
516.5, 2338.88037
516.6, 3159.72583
516.7, 4636.10547
516.8, 4176.54346
516.9, 5779.06104
517.0, 6919.59863
517.1, 4024.66553
517.2, 3663.05762
517.3, 5909.57227
517.4, 6081.53711
517.5, 5250.92773
517.6, 6079.88330
517.7, 5877.35449
517.8, 3207.96313
517.9, 2686.01929
518.0, 3092.08276
518.1, 3130.92017
518.2, 3644.35571
518.3, 5721.98096
518.4, 3062.00244
518.5, 1695.34656
518.6, 3944.73291
518.7, 5765.21143
518.8, 5030.80615
518.9, 3945.48340
519.0, 5900.82861
519.1, 3705.13965
519.2, 3088.88110
519.3, 6271.01367
519.4, 6078.49463
519.5, 5825.04492
519.6, 6674.41943
519.7, 4318.67090
519.8, 3768.40137
519.9, 3313.61816
520.0, 5384.14111
520.1, 5156.55029
520.2, 4749.70410
520.3, 7128.69238
520.4, 4278.11426
520.5, 3691.89258
520.6, 2908.25879
520.7, 2921.18066
520.8, 3580.43604
520.9, 4868.47168
521.0, 5818.03857
521.1, 1547.06995
521.2, 1854.28076
521.3, 5373.69092
521.4, 4606.43018
521.5, 4553.73145
521.6, 3965.13477
521.7, 3840.77393
521.8, 2681.15601
521.9, 3777.95337
522.0, 5700.17578
522.1, 4261.07764
522.2, 3934.84277
522.3, 4956.45215
522.4, 1035.57056
522.5, 1287.80798
522.6, 2951.58984
522.7, 4054.17236
522.8, 4561.56738
522.9, 3239.39673
523.0, 7597.78564
523.1, 5605.33838
523.2, 4443.23730
523.3, 3549.58105
523.4, 3762.26587
523.5, 4257.58057
523.6, 5210.37695
523.7, 4309.76855
523.8, 3213.42090
523.9, 2504.21045
524.0, 4478.60156
524.1, 4087.46484
524.2, 3784.79297
524.3, 5619.31689
524.4, 3368.97437
524.5, 3165.35791
524.6, 4126.65186
524.7, 6535.62061
524.8, 6011.38867
524.9, 5175.73584
525.0, 5809.11035
525.1, 2625.76123
525.2, 2555.38232
525.3, 3370.03613
525.4, 4417.69580
525.5, 3391.53979
525.6, 5109.28662
525.7, 3132.87378
525.8, 2262.57983
525.9, 1708.13440
526.0, 1822.31555
526.1, 3462.28101
526.2, 4438.04541
526.3, 5294.86914
526.4, 2543.63135
526.5, 1209.08667
526.6, 3009.73315
526.7, 4089.85205
526.8, 3637.92505
526.9, 3051.98657
527.0, 4747.50000
527.1, 1775.80640
527.2, 1865.16663
527.3, 3860.55933
527.4, 4363.99023
527.5, 4751.34863
527.6, 5643.01465
527.7, 3748.24658
527.8, 2533.19678
527.9, 2934.72266
528.0, 4203.53906
528.1, 3624.51147
528.2, 3844.25146
528.3, 5671.31641
528.4, 3769.28418
528.5, 3536.10107
528.6, 2719.85718
528.7, 2732.78198
528.8, 3745.95898
528.9, 3721.97021
529.0, 5268.06592
529.1, 3088.08423
529.2, 2467.96143
529.3, 4303.25098
529.4, 3569.29639
529.5, 3462.04150
529.6, 4311.42676
529.7, 3528.15039
529.8, 1954.70496
529.9, 2524.09326
530.0, 4356.56494
530.1, 3799.82471
530.2, 4364.39551
530.3, 5216.70410
530.4, 2750.20874
530.5, 1964.55896
530.6, 2690.41260
530.7, 3103.78857
530.8, 2574.47974
530.9, 2351.25049
531.0, 6079.77930
531.1, 2771.83911
531.2, 2251.58594
531.3, 1828.64148
531.4, 2043.02344
531.5, 3935.82788
531.6, 5159.37012
531.7, 2349.93628
531.8, 1839.09155
531.9, 2181.33032
532.0, 3701.54663
532.1, 3214.32056
532.2, 2906.95386
532.3, 4481.86865
532.4, 899.54529
532.5, 882.14722
532.6, 2505.03882
532.7, 3116.91504
532.8, 2465.91943
532.9, 2124.03442
533.0, 5529.19141
533.1, 1514.07056
533.2, 1353.25977
533.3, 3598.28638
533.4, 3798.82617
533.5, 3074.33618
533.6, 5055.98926
533.7, 4294.19775
533.8, 2491.01172
533.9, 2185.52808
534.0, 1698.41956
534.1, 1889.34644
534.2, 2733.47119
534.3, 4509.72510
534.4, 1199.76599
534.5, 1015.48071
534.6, 2570.17383
534.7, 3223.57056
534.8, 2573.54077
534.9, 1917.10474
535.0, 4209.02832
535.1, 868.14581
535.2, 1011.34583
535.3, 3902.31030
535.4, 3977.93848
535.5, 3046.41113
535.6, 5103.86719
535.7, 1284.62524
535.8, 712.72406
535.9, 1019.36053
536.0, 4004.27808
536.1, 3098.98193
536.2, 2649.53467
536.3, 5504.57568
536.4, 3224.91406
536.5, 2392.17383
536.6, 1630.75024
536.7, 1505.63074
536.8, 1256.59192
536.9, 1929.44873
537.0, 4548.05420
537.1, 1200.62793
537.2, 1241.98682
537.3, 2545.14575
537.4, 2933.42505
537.5, 2627.79224
537.6, 2895.72339
537.7, 3758.74023
537.8, 809.90375
537.9, 1316.24170
538.0, 4808.34619
538.1, 3880.78467
538.2, 3569.14111
538.3, 5092.05322
538.4, 1146.09595
538.5, 1220.83398
538.6, 2903.72461
538.7, 4021.40039
538.8, 3205.00146
538.9, 2628.32764
539.0, 4947.31787
539.1, 2768.41162
539.2, 2419.96899
539.3, 1708.63647
539.4, 1601.94885
539.5, 2519.08813
539.6, 4091.94800
539.7, 3586.79150
539.8, 1644.96606
539.9, 2540.00269
540.0, 4125.09814
540.1, 3703.04614
540.2, 3175.69263
540.3, 4581.93896
540.4, 1181.14771
540.5, 1528.27405
540.6, 3241.05542
540.7, 4345.82031
540.8, 3287.40771
540.9, 3002.75952
541.0, 4902.37109
541.1, 1039.09851
541.2, 1339.87122
541.3, 3610.03564
541.4, 2946.04077
541.5, 2219.23413
541.6, 5055.11230
541.7, 4279.03711
541.8, 3281.33667
541.9, 1814.32361
542.0, 2347.39526
542.1, 3192.26880
542.2, 4432.38867
542.3, 5126.39307
542.4, 2407.61060
542.5, 1181.51306
542.6, 3759.60718
542.7, 4946.48828
542.8, 4337.51953
542.9, 3266.92407
543.0, 5122.47900
543.1, 2984.83496
543.2, 2556.35156
543.3, 4075.38989
543.4, 3840.36108
543.5, 4135.61572
543.6, 3262.42529
543.7, 3627.42041
543.8, 1238.96472
543.9, 1590.00781
544.0, 2181.65356
544.1, 2398.42310
544.2, 3431.46387
544.3, 5636.14502
544.4, 4263.80566
544.5, 3697.17798
544.6, 1990.97864
544.7, 1531.35168
544.8, 2254.27075
544.9, 2955.30957
545.0, 5055.74561
545.1, 2159.17236
545.2, 3570.27563
545.3, 4122.54980
545.4, 3600.93628
545.5, 4184.95605
545.6, 4558.80518
545.7, 3974.87061
545.8, 2968.42554
545.9, 2835.11011
546.0, 3865.53296
546.1, 2569.42603
546.2, 2179.37183
546.3, 4631.17041
546.4, 2359.28076
546.5, 2159.98706
546.6, 2236.36328
546.7, 2850.05151
546.8, 2318.14062
546.9, 2488.37939
547.0, 6140.91406
547.1, 3310.37524
547.2, 2216.27612
547.3, 1793.25232
547.4, 1613.82104
547.5, 4902.00635
547.6, 6095.64648
547.7, 3023.79541
547.8, 1312.60779
547.9, 2203.70337
548.0, 4433.08057
548.1, 3594.78687
548.2, 2528.14380
548.3, 4229.94824
548.4, 1689.92273
548.5, 3951.71289
548.6, 3149.29785
548.7, 2722.89600
548.8, 1993.20813
548.9, 1606.61792
549.0, 5461.06836
549.1, 3211.68994
549.2, 3128.63818
549.3, 2937.72217
549.4, 3345.14136
549.5, 3307.24048
549.6, 4395.47119
549.7, 5639.21924
549.8, 4351.52734
549.9, 3352.61426
550.0, 2576.80420
550.1, 2025.71777
550.2, 2632.56885
550.3, 4841.68115
550.4, 2197.89844
550.5, 1744.03271
550.6, 4287.66748
550.7, 5290.33789
550.8, 4672.75635
550.9, 3563.49292
551.0, 4849.54102
551.1, 2074.90332
551.2, 3399.83691
551.3, 4694.49658
551.4, 4052.80054
551.5, 3712.00317
551.6, 5493.97705
551.7, 4475.82715
551.8, 3957.50415
551.9, 3470.48999
552.0, 2751.47681
552.1, 2187.49146
552.2, 1516.82788
552.3, 6298.34375
552.4, 5247.49072
552.5, 5243.95752
552.6, 4342.47705
552.7, 3751.14038
552.8, 6118.05811
552.9, 5935.35254
553.0, 5568.89600
553.1, 2910.44434
553.2, 3891.16284
553.3, 3925.28442
553.4, 5006.76025
553.5, 4993.16113
553.6, 4603.78125
553.7, 4871.48291
553.8, 2752.06079
553.9, 3384.33350
554.0, 5052.77051
554.1, 4524.94092
554.2, 4291.34375
554.3, 5198.47998
554.4, 2657.68945
554.5, 1446.36792
554.6, 3096.44141
554.7, 4766.65332
554.8, 4589.57910
554.9, 4262.22363
555.0, 6298.25342
555.1, 4262.41699
555.2, 3652.45166
555.3, 3480.47412
555.4, 3935.48779
555.5, 5106.03809
555.6, 6047.87402
555.7, 4438.19092
555.8, 868.51715
555.9, 1495.54785
556.0, 6083.89746
556.1, 5866.81982
556.2, 5071.68213
556.3, 5294.66650
556.4, 2026.35657
556.5, 1971.57227
556.6, 4575.12402
556.7, 5886.66846
556.8, 5558.79639
556.9, 4924.84814
557.0, 4800.48389
557.1, 2158.68042
557.2, 2303.44873
557.3, 3883.25098
557.4, 3935.44312
557.5, 2794.24194
557.6, 5216.50684
557.7, 4515.46240
557.8, 3529.93091
557.9, 2936.77197
558.0, 3009.53369
558.1, 2856.53442
558.2, 4454.74658
558.3, 5481.98682
558.4, 2273.81689
558.5, 2161.23804
558.6, 3127.15723
558.7, 4117.81201
558.8, 3961.18042
558.9, 3656.80347
559.0, 5408.65283
559.1, 1799.95447
559.2, 1086.89392
559.3, 5286.82568
559.4, 5698.44189
559.5, 4601.52246
559.6, 5409.87158
559.7, 3737.85303
559.8, 2418.27393
559.9, 2656.18457
560.0, 4310.56006
560.1, 3948.05859
560.2, 3344.65576
560.3, 5577.98535
560.4, 3938.46777
560.5, 3801.29614
560.6, 3351.89697
560.7, 3102.21191
560.8, 3751.64307
560.9, 3268.06201
561.0, 4900.99170
561.1, 3145.84131
561.2, 2423.47705
561.3, 4840.99463
561.4, 4422.66943
561.5, 3704.20337
561.6, 4330.37891
561.7, 4181.60498
561.8, 2560.98438
561.9, 2430.43506
562.0, 3617.26709
562.1, 3219.22827
562.2, 2863.69800
562.3, 5322.80713
562.4, 3228.59155
562.5, 2103.72803
562.6, 2804.52271
562.7, 3257.06177
562.8, 2766.83179
562.9, 3176.11963
563.0, 7519.29297
563.1, 6317.09277
563.2, 5437.32617
563.3, 4455.47998
563.4, 4396.22607
563.5, 5049.58984
563.6, 5411.41113
563.7, 3673.78003
563.8, 2942.72852
563.9, 2691.04199
564.0, 5865.69092
564.1, 4493.28662
564.2, 2923.83618
564.3, 5549.45850
564.4, 3598.69946
564.5, 2262.20117
564.6, 3617.33081
564.7, 4475.86182
564.8, 4012.59985
564.9, 3904.48999
565.0, 5799.38330
565.1, 2875.06641
565.2, 2618.37671
565.3, 4385.78223
565.4, 4222.39014
565.5, 3744.22607
565.6, 6558.47412
565.7, 6934.09766
565.8, 4412.95166
565.9, 3015.30518
566.0, 4004.04199
566.1, 3331.55542
566.2, 3104.42529
566.3, 5713.95264
566.4, 3169.40112
566.5, 2592.21436
566.6, 4049.37402
566.7, 3663.63403
566.8, 4040.13867
566.9, 2853.41187
567.0, 6017.57617
567.1, 2956.83960
567.2, 2284.82544
567.3, 5232.40088
567.4, 4784.63623
567.5, 3854.18799
567.6, 5706.33594
567.7, 4933.73730
567.8, 3857.67407
567.9, 2674.48340
568.0, 4786.23877
568.1, 3623.73486
568.2, 3196.93555
568.3, 6935.60303
568.4, 5362.80566
568.5, 4014.11060
568.6, 3731.29395
568.7, 4051.41455
568.8, 4250.37402
568.9, 3829.39258
569.0, 5848.79053
569.1, 2548.79639
569.2, 2123.18945
569.3, 3603.51416
569.4, 3961.11548
569.5, 3868.18164
569.6, 4156.50391
569.7, 5115.93213
569.8, 3344.76611
569.9, 3000.52222
570.0, 4876.13672
570.1, 3686.09961
570.2, 3434.22290
570.3, 5907.77979
570.4, 3374.97754
570.5, 3006.98096
570.6, 3177.95557
570.7, 4203.14160
570.8, 3602.94141
570.9, 3236.53198
571.0, 6135.68164
571.1, 3866.83691
571.2, 3660.99829
571.3, 4163.15869
571.4, 3852.69629
571.5, 3289.45312
571.6, 4508.20361
571.7, 4828.87549
571.8, 2899.91553
571.9, 2266.82861
572.0, 5102.33496
572.1, 4486.26758
572.2, 3961.05664
572.3, 5752.03613
572.4, 2954.12671
572.5, 2618.78296
572.6, 3788.77393
572.7, 6718.95117
572.8, 5387.53271
572.9, 4850.07959
573.0, 5981.20557
573.1, 3133.10767
573.2, 2811.76001
573.3, 5844.62988
573.4, 6192.72607
573.5, 5334.08154
573.6, 7113.62695
573.7, 4370.98438
573.8, 2542.07129
573.9, 2200.27417
574.0, 2151.39575
574.1, 2039.40259
574.2, 2009.38562
574.3, 1911.78809
574.4, 1880.26013
574.5, 1785.59839
574.6, 1588.79224
574.7, 1468.17920
574.8, 1300.04797
574.9, 1201.59912
575.0, 1082.30847
575.1, 986.85327
575.2, 911.05133
575.3, 868.51172
575.4, 756.46521
575.5, 734.12762
575.6, 654.36621
575.7, 664.44678
575.8, 694.37451
575.9, 654.02313
576.0, 624.55750
576.1, 607.83447
576.2, 573.51239
576.3, 548.22809
576.4, 561.05396
576.5, 624.39984
576.6, 680.23962
576.7, 751.01080
576.8, 843.61102
576.9, 951.98706
577.0, 1067.45740
577.1, 1160.84546
577.2, 1256.98364
577.3, 1357.97461
577.4, 1431.05042
577.5, 1509.66968
577.6, 1562.37292
577.7, 1616.08289
577.8, 1699.35449
577.9, 1809.49402
578.0, 1938.77319
578.1, 2101.61011
578.2, 2302.19043
578.3, 2500.45801
578.4, 2646.57080
578.5, 2725.84180
578.6, 2819.27173
578.7, 2931.53052
578.8, 3034.40479
578.9, 3130.34399
579.0, 4205.42041
579.1, 4525.20166
579.2, 3854.38062
579.3, 3288.84619
579.4, 2905.50000
579.5, 3738.02100
579.6, 4819.53271
579.7, 3306.04077
579.8, 1843.72131
579.9, 2021.97522
580.0, 3385.76245
580.1, 3338.90283
580.2, 3246.02612
580.3, 4609.43945
580.4, 1600.24805
580.5, 1744.23523
580.6, 2766.00122
580.7, 2953.87671
580.8, 2720.14624
580.9, 2191.66260
581.0, 5051.48438
581.1, 2369.72119
581.2, 2087.41455
581.3, 2482.74487
581.4, 2278.09570
581.5, 2050.78760
581.6, 5205.71680
581.7, 4675.12256
581.8, 4317.36084
581.9, 3506.44849
582.0, 3083.43091
582.1, 2727.61768
582.2, 3161.10986
582.3, 4755.15625
582.4, 1686.93677
582.5, 1533.44885
582.6, 2884.37134
582.7, 3359.93384
582.8, 2931.83862
582.9, 2506.85889
583.0, 4740.10400
583.1, 1633.72791
583.2, 1445.11267
583.3, 3582.80566
583.4, 3680.48169
583.5, 3647.75415
583.6, 4051.46851
583.7, 4669.60938
583.8, 2744.51294
583.9, 2709.60522
584.0, 2909.58789
584.1, 2939.73779
584.2, 2416.12402
584.3, 6101.85742
584.4, 3860.86768
584.5, 3246.27026
584.6, 2520.30347
584.7, 2079.91211
584.8, 3269.08398
584.9, 3104.37036
585.0, 4516.02490
585.1, 1681.13416
585.2, 1827.89636
585.3, 4078.59448
585.4, 3648.11157
585.5, 4499.43799
585.6, 4278.46094
585.7, 3647.78906
585.8, 1829.26184
585.9, 2019.17786
586.0, 3703.26318
586.1, 3175.32617
586.2, 2650.27808
586.3, 5358.12598
586.4, 2962.15283
586.5, 2773.35840
586.6, 2835.13916
586.7, 3056.56714
586.8, 2768.63184
586.9, 2612.99146
587.0, 6309.57568
587.1, 3374.62817
587.2, 2721.79858
587.3, 2161.09766
587.4, 2032.58655
587.5, 2357.37354
587.6, 4734.54199
587.7, 2161.68286
587.8, 1948.72253
587.9, 2338.61060
588.0, 3346.36084
588.1, 3115.23804
588.2, 3037.46533
588.3, 4471.00391
588.4, 1535.56763
588.5, 2275.18433
588.6, 2363.23047
588.7, 2598.06323
588.8, 3222.98096
588.9, 2892.40649
589.0, 5324.97559
589.1, 2257.60742
589.2, 1849.27625
589.3, 2360.53394
589.4, 2581.67090
589.5, 2164.91479
589.6, 4908.39648
589.7, 5355.62402
589.8, 4052.56982
589.9, 3239.72021
590.0, 2974.44800
590.1, 2752.96484
590.2, 3027.31152
590.3, 4815.24756
590.4, 1914.33081
590.5, 1420.49524
590.6, 3772.96265
590.7, 4464.47266
590.8, 3774.18188
590.9, 2939.35718
591.0, 4751.61865
591.1, 1742.40454
591.2, 1767.74084
591.3, 3578.80615
591.4, 3306.77783
591.5, 2811.15405
591.6, 5517.38916
591.7, 4394.28516
591.8, 3275.40283
591.9, 2868.84595
592.0, 3096.64014
592.1, 2636.87646
592.2, 1846.74048
592.3, 6296.46973
592.4, 5300.91260
592.5, 5111.04346
592.6, 4449.39551
592.7, 3966.83643
592.8, 4225.59424
592.9, 4218.48535
593.0, 4884.86816
593.1, 1913.74536
593.2, 1875.63245
593.3, 4154.22900
593.4, 5011.28076
593.5, 4768.06885
593.6, 4210.55176
593.7, 4032.52710
593.8, 2044.05750
593.9, 2828.73853
594.0, 4645.86182
594.1, 3996.06250
594.2, 4034.26978
594.3, 5236.40088
594.4, 2793.21753
594.5, 2966.09058
594.6, 3757.78955
594.7, 4568.74219
594.8, 4179.15967
594.9, 4408.54102
595.0, 7105.94922
595.1, 5788.67383
595.2, 4604.16504
595.3, 3982.05615
595.4, 4150.77588
595.5, 4467.86328
595.6, 5210.42773
595.7, 4054.98511
595.8, 2395.61914
595.9, 2083.64331
596.0, 5065.20996
596.1, 5000.84229
596.2, 4670.36914
596.3, 5441.77197
596.4, 1895.34399
596.5, 2041.69958
596.6, 3767.72656
596.7, 5124.70654
596.8, 4725.83496
596.9, 4329.80615
597.0, 5119.10840
597.1, 2551.62744
597.2, 2860.99365
597.3, 4164.68359
597.4, 3924.11499
597.5, 3294.68530
597.6, 5502.91064
597.7, 4930.95117
597.8, 4286.44775
597.9, 3839.52905
598.0, 3189.81714
598.1, 3180.48828
598.2, 4774.40527
598.3, 5236.38623
598.4, 1847.79565
598.5, 1933.78137
598.6, 3232.37720
598.7, 4412.35352
598.8, 4067.70850
598.9, 3755.38306
599.0, 5013.13965
599.1, 2007.70215
599.2, 2142.91089
599.3, 5229.14893
599.4, 4738.82031
599.5, 4451.38965
599.6, 5322.99756
599.7, 4328.88623
599.8, 2979.97437
599.9, 3027.90527
600.0, 4066.79614
600.1, 3608.01099
600.2, 3338.63599
600.3, 5839.72754
600.4, 4076.04980
600.5, 3136.06738
600.6, 2678.56348
600.7, 2444.45630
600.8, 3417.94751
600.9, 3320.62939
601.0, 4657.02246
601.1, 2115.74463
601.2, 1980.04492
601.3, 4439.77490
601.4, 3764.76050
601.5, 3540.02100
601.6, 4119.58350
601.7, 3580.20752
601.8, 1622.47473
601.9, 1784.16870
602.0, 3121.15723
602.1, 2391.27026
602.2, 2554.87183
602.3, 5216.30029
602.4, 3040.57959
602.5, 2442.92773
602.6, 3289.33838
602.7, 3650.00635
602.8, 2843.79248
602.9, 2628.67065
603.0, 6292.58789
603.1, 4107.70850
603.2, 2916.96582
603.3, 2240.70312
603.4, 2101.61475
603.5, 3725.43506
603.6, 5133.83008
603.7, 2742.92261
603.8, 2050.22925
603.9, 2153.20630
604.0, 3167.87085
604.1, 2830.24121
604.2, 2636.15210
604.3, 4456.56494
604.4, 1039.81580
604.5, 1317.55945
604.6, 3265.04004
604.7, 4525.05469
604.8, 4008.34595
604.9, 3705.41235
605.0, 5136.93018
605.1, 2093.54321
605.2, 2199.66553
605.3, 2919.65186
605.4, 2648.32910
605.5, 3020.39966
605.6, 4954.00000
605.7, 5310.69580
605.8, 3757.05518
605.9, 2874.17358
606.0, 2064.86182
606.1, 2306.10449
606.2, 2440.90527
606.3, 4949.45459
606.4, 2261.77100
606.5, 2576.04614
606.6, 3094.45850
606.7, 3828.21387
606.8, 3117.03076
606.9, 2525.23486
607.0, 4762.85645
607.1, 1903.37683
607.2, 2028.90234
607.3, 3833.44873
607.4, 3388.81519
607.5, 2931.06763
607.6, 4998.15088
607.7, 2329.11084
607.8, 2110.77612
607.9, 2161.40283
608.0, 3512.33911
608.1, 3351.80347
608.2, 3348.36890
608.3, 5902.09766
608.4, 3815.15405
608.5, 3290.94702
608.6, 2507.28638
608.7, 2356.69580
608.8, 3140.31519
608.9, 3805.13672
609.0, 4695.48145
609.1, 1438.60828
609.2, 1517.54468
609.3, 2936.41138
609.4, 3355.00049
609.5, 3207.71240
609.6, 3292.07544
609.7, 3685.29248
609.8, 1821.58264
609.9, 2451.70776
610.0, 3443.67163
610.1, 2986.45654
610.2, 2767.73120
610.3, 4748.92285
610.4, 1727.70605
610.5, 1883.66516
610.6, 2187.14111
610.7, 2404.27295
610.8, 1859.42212
610.9, 2252.92871
611.0, 2637.54028
611.1, 2181.72363
611.2, 1811.59558
611.3, 1601.59546
611.4, 4004.87817
611.5, 5161.27344
611.6, 3822.54053
611.7, 2563.47852
611.8, 1855.69519
611.9, 3380.43359
612.0, 3223.39819
612.1, 2950.45190
612.2, 2354.24292
612.3, 2856.40649
612.4, 2315.17920
612.5, 1141.80981
612.6, 847.72168
612.7, 1783.94141
612.8, 2757.12183
612.9, 1698.84509
613.0, 6353.48047
613.1, 1459.78882
613.2, 1680.37500
613.3, 3870.32666
613.4, 4133.70410
613.5, 2261.18652
613.6, 4628.99902
613.7, 5444.39697
613.8, 3259.11035
613.9, 2092.20801
614.0, 3338.39722
614.1, 3180.88672
614.2, 2135.70020
614.3, 4614.67383
614.4, 3244.49878
614.5, 3241.24829
614.6, 2883.60059
614.7, 3472.66235
614.8, 3194.60400
614.9, 2863.67480
615.0, 5045.10693
615.1, 2134.48462
615.2, 2206.14844
615.3, 2318.25488
615.4, 3746.51147
615.5, 4192.60010
615.6, 5210.45557
615.7, 1855.14514
615.8, 1684.52551
615.9, 2964.08984
616.0, 2943.07300
616.1, 2014.69861
616.2, 1677.94275
616.3, 5623.62598
616.4, 4161.60938
616.5, 3273.15601
616.6, 2300.39233
616.7, 1541.90125
616.8, 4692.68115
616.9, 4235.59521
617.0, 5107.86963
617.1, 2954.60547
617.2, 2436.64087
617.3, 5320.19385
617.4, 4384.92090
617.5, 3894.01782
617.6, 4445.67334
617.7, 3651.09448
617.8, 3168.37305
617.9, 2973.94678
618.0, 3616.72510
618.1, 3336.12451
618.2, 3211.64526
618.3, 5793.94482
618.4, 2990.65015
618.5, 2004.32336
618.6, 3145.46997
618.7, 4184.40332
618.8, 3971.68896
618.9, 3319.61255
619.0, 5526.53223
619.1, 2776.34155
619.2, 3361.97119
619.3, 3045.62451
619.4, 2616.31421
619.5, 2249.02441
619.6, 4500.73730
619.7, 2681.54248
619.8, 2340.13965
619.9, 2238.13940
620.0, 3744.80981
620.1, 3680.88403
620.2, 3403.15747
620.3, 5025.55322
620.4, 2025.62158
620.5, 2347.87012
620.6, 2481.21753
620.7, 3643.77197
620.8, 3640.64111
620.9, 3297.89819
621.0, 4677.76855
621.1, 1678.44666
621.2, 3292.03589
621.3, 3409.95850
621.4, 3383.60156
621.5, 2838.56128
621.6, 3707.27246
621.7, 4930.77344
621.8, 3019.81958
621.9, 2588.66553
622.0, 2589.11792
622.1, 2902.93262
622.2, 4028.48047
622.3, 5514.20898
622.4, 2432.38062
622.5, 2510.90918
622.6, 2993.60718
622.7, 4177.01855
622.8, 3561.67725
622.9, 2751.61743
623.0, 4261.65430
623.1, 2545.09497
623.2, 2794.23853
623.3, 3130.87720
623.4, 3151.72607
623.5, 3165.89038
623.6, 4468.41211
623.7, 3687.18896
623.8, 2230.11255
623.9, 2108.30176
624.0, 3053.40576
624.1, 3109.95288
624.2, 2075.05762
624.3, 4907.97900
624.4, 1984.41687
624.5, 1662.56006
624.6, 1566.13940
624.7, 1898.98413
624.8, 3974.86963
624.9, 3251.26025
625.0, 5857.83008
625.1, 3342.65405
625.2, 3206.83765
625.3, 4252.27295
625.4, 4001.75635
625.5, 3935.30542
625.6, 5074.61865
625.7, 1523.73059
625.8, 1164.82935
625.9, 1418.14233
626.0, 3851.89868
626.1, 3500.23267
626.2, 4337.71631
626.3, 6125.78760
626.4, 2100.03809
626.5, 2216.63770
626.6, 2381.99365
626.7, 3757.72754
626.8, 3147.55127
626.9, 2546.93750
627.0, 5388.88477
627.1, 2913.94141
627.2, 2035.07507
627.3, 1663.50513
627.4, 2754.69189
627.5, 4173.69287
627.6, 5007.42090
627.7, 5070.44238
627.8, 3922.81592
627.9, 4026.27539
628.0, 3961.84253
628.1, 3946.81104
628.2, 3459.70117
628.3, 5140.47900
628.4, 2442.20728
628.5, 2074.89771
628.6, 2463.60181
628.7, 5127.02051
628.8, 4613.72217
628.9, 3913.64697
629.0, 4781.69629
629.1, 2227.09912
629.2, 4438.18799
629.3, 3482.62695
629.4, 3542.13306
629.5, 3185.42871
629.6, 4491.54785
629.7, 5235.80615
629.8, 4001.57422
629.9, 2170.21973
630.0, 3346.15015
630.1, 3227.39844
630.2, 2318.08667
630.3, 4796.91650
630.4, 3307.36499
630.5, 3090.42139
630.6, 2839.30176
630.7, 3610.33374
630.8, 3123.67627
630.9, 2736.89062
631.0, 5096.85254
631.1, 1976.58875
631.2, 2146.51440
631.3, 2330.83276
631.4, 3604.27734
631.5, 3021.52588
631.6, 3304.70752
631.7, 4674.18359
631.8, 2737.20044
631.9, 2509.85669
632.0, 2584.40503
632.1, 2428.43530
632.2, 2303.29126
632.3, 5355.36719
632.4, 2382.20654
632.5, 2372.05371
632.6, 1940.26404
632.7, 1802.64685
632.8, 2009.29431
632.9, 2523.36963
633.0, 4405.41797
633.1, 1454.49951
633.2, 1903.40674
633.3, 2501.46582
633.4, 3036.00635
633.5, 2634.00073
633.6, 3874.78564
633.7, 3135.58154
633.8, 852.51434
633.9, 752.60864
634.0, 2763.34302
634.1, 2454.25488
634.2, 1883.16467
634.3, 4621.90234
634.4, 1071.70386
634.5, 1165.22107
634.6, 1280.16089
634.7, 2287.89136
634.8, 1766.45679
634.9, 1493.44141
635.0, 4675.05811
635.1, 1436.27148
635.2, 1151.44397
635.3, 890.24847
635.4, 1103.66162
635.5, 2460.78101
635.6, 4501.91113
635.7, 1405.79382
635.8, 793.61804
635.9, 1040.76672
636.0, 2025.59570
636.1, 1931.17615
636.2, 1964.27942
636.3, 4378.93945
636.4, 866.04913
636.5, 944.56439
636.6, 1298.01001
636.7, 2100.84106
636.8, 1788.04639
636.9, 1584.61438
637.0, 4641.06836
637.1, 618.50928
637.2, 610.71094
637.3, 1430.10999
637.4, 2297.35400
637.5, 2061.27710
637.6, 4190.53174
637.7, 3291.23389
637.8, 2013.42493
637.9, 1705.78113
638.0, 1390.29602
638.1, 979.37103
638.2, 1125.59644
638.3, 4310.53906
638.4, 941.67017
638.5, 829.53693
638.6, 1441.90601
638.7, 2605.04053
638.8, 1905.92334
638.9, 1615.66528
639.0, 4404.38379
639.1, 748.24200
639.2, 691.96887
639.3, 1913.05420
639.4, 2361.21265
639.5, 1829.93970
639.6, 4419.46191
639.7, 1136.75098
639.8, 860.91705
639.9, 1074.16064
640.0, 1829.78870
640.1, 1796.85693
640.2, 1933.89075
640.3, 4713.30127
640.4, 2113.70508
640.5, 2178.43286
640.6, 1538.10229
640.7, 1211.71692
640.8, 1650.30774
640.9, 1627.28772
641.0, 4571.72412
641.1, 1276.12366
641.2, 1393.37000
641.3, 2407.67432
641.4, 2785.67798
641.5, 2901.17090
641.6, 3308.89111
641.7, 3744.62915
641.8, 1431.96167
641.9, 1054.79358
642.0, 2754.54590
642.1, 2538.83179
642.2, 2057.42847
642.3, 4869.10986
642.4, 794.13470
642.5, 1449.25269
642.6, 1095.05090
642.7, 2971.97363
642.8, 2213.86230
642.9, 1600.52087
643.0, 4708.81348
643.1, 2605.68213
643.2, 2027.97412
643.3, 1108.45117
643.4, 3819.43457
643.5, 4894.26221
643.6, 5421.99561
643.7, 5827.15674
643.8, 4190.44336
643.9, 3671.34497
644.0, 3334.49438
644.1, 3557.75391
644.2, 2698.17334
644.3, 4694.23926
644.4, 1903.39612
644.5, 1528.02856
644.6, 1590.36816
644.7, 4124.95557
644.8, 3718.01196
644.9, 3141.67236
645.0, 5433.88135
645.1, 2618.32275
645.2, 2301.96606
645.3, 2567.50977
645.4, 3302.09790
645.5, 2870.48950
645.6, 4811.15234
645.7, 2899.85620
645.8, 2226.01001
645.9, 2296.63892
646.0, 1914.99146
646.1, 1868.13574
646.2, 2312.10352
646.3, 4761.52002
646.4, 1689.52014
646.5, 675.77362
646.6, 1651.90259
646.7, 3184.09863
646.8, 2784.67432
646.9, 2106.94653
647.0, 4758.56689
647.1, 1811.50647
647.2, 1364.52393
647.3, 1899.85913
647.4, 2870.70288
647.5, 3921.59082
647.6, 4909.86865
647.7, 3096.37378
647.8, 1646.39331
647.9, 1936.29810
648.0, 1826.39429
648.1, 1856.67456
648.2, 1471.63733
648.3, 5696.12207
648.4, 4218.76855
648.5, 3260.14209
648.6, 2199.56348
648.7, 1552.11865
648.8, 2674.79248
648.9, 5074.19531
649.0, 5415.46191
649.1, 2913.12939
649.2, 2684.43750
649.3, 3172.19336
649.4, 3295.14648
649.5, 3448.17725
649.6, 5298.34863
649.7, 2518.10620
649.8, 2468.27393
649.9, 2312.50806
650.0, 3384.69238
650.1, 2899.88794
650.2, 2535.95483
650.3, 4624.73389
650.4, 2238.87622
650.5, 1858.14197
650.6, 2167.82080
650.7, 3424.97900
650.8, 3418.26685
650.9, 2656.14648
651.0, 5382.83789
651.1, 3049.63574
651.2, 1600.48120
651.3, 1462.84106
651.4, 2660.17651
651.5, 2607.95801
651.6, 2976.76123
651.7, 4227.58643
651.8, 1712.53235
651.9, 2148.29980
652.0, 3477.78174
652.1, 3119.52051
652.2, 2602.95483
652.3, 4846.59570
652.4, 1836.99487
652.5, 1777.72986
652.6, 2379.25439
652.7, 2980.13916
652.8, 2674.15991
652.9, 2394.36938
653.0, 4714.85107
653.1, 2067.35229
653.2, 2066.68164
653.3, 2891.32910
653.4, 3268.68774
653.5, 3241.68433
653.6, 4402.50928
653.7, 4382.51904
653.8, 3073.12109
653.9, 2769.57324
654.0, 2287.55103
654.1, 2285.57593
654.2, 3835.73315
654.3, 5106.51318
654.4, 1172.51880
654.5, 1689.87402
654.6, 2111.76514
654.7, 3335.79175
654.8, 3496.45972
654.9, 2690.93262
655.0, 4777.25049
655.1, 1758.31238
655.2, 1714.18140
655.3, 2309.70093
655.4, 2908.21118
655.5, 2675.07935
655.6, 4973.32080
655.7, 1602.50085
655.8, 1300.49182
655.9, 1820.87646
656.0, 2941.39673
656.1, 2700.82275
656.2, 2134.53076
656.3, 6101.54150
656.4, 3112.25732
656.5, 2826.72437
656.6, 1948.52344
656.7, 1742.93213
656.8, 3177.61865
656.9, 2719.32593
657.0, 5016.07520
657.1, 1302.14880
657.2, 1173.91577
657.3, 4259.07422
657.4, 4168.78174
657.5, 3810.25586
657.6, 4857.87061
657.7, 3059.95288
657.8, 1995.37659
657.9, 1999.69446
658.0, 3969.63623
658.1, 3983.65527
658.2, 3801.01538
658.3, 5691.13086
658.4, 1876.44055
658.5, 1884.61499
658.6, 1714.80237
658.7, 3191.00757
658.8, 2939.11816
658.9, 2274.08301
659.0, 5138.17383
659.1, 2846.35620
659.2, 2058.63550
659.3, 1584.21130
659.4, 1723.07483
659.5, 3767.91162
659.6, 5532.27881
659.7, 3757.93140
659.8, 3415.16724
659.9, 2902.86401
660.0, 4168.30713
660.1, 5278.91650
660.2, 4864.98535
660.3, 5111.75439
660.4, 2457.53296
660.5, 2148.83813
660.6, 2940.65381
660.7, 5336.90283
660.8, 4187.64844
660.9, 3844.34644
661.0, 4806.16455
661.1, 1128.86658
661.2, 1903.17786
661.3, 3872.45483
661.4, 3655.11475
661.5, 3163.05005
661.6, 3295.19409
661.7, 5150.93408
661.8, 4035.61987
661.9, 2932.12231
662.0, 2788.23291
662.1, 2522.76514
662.2, 2080.46338
662.3, 4431.07178
662.4, 2156.51367
662.5, 2023.65735
662.6, 1479.63135
662.7, 2932.58398
662.8, 3010.51782
662.9, 2978.62329
663.0, 4441.73291
663.1, 1919.33972
663.2, 1826.83362
663.3, 2236.67822
663.4, 3012.29175
663.5, 2979.27173
663.6, 4012.10474
663.7, 3270.27124
663.8, 1628.64673
663.9, 1691.37549
664.0, 2472.64478
664.1, 2439.21387
664.2, 2378.93359
664.3, 4879.15918
664.4, 2822.06543
664.5, 2530.71216
664.6, 2126.08691
664.7, 2169.44336
664.8, 2328.00879
664.9, 2637.01074
665.0, 5015.07910
665.1, 2185.91675
665.2, 2088.39941
665.3, 2551.91821
665.4, 3126.30640
665.5, 2870.05005
665.6, 4868.55029
665.7, 2136.96948
665.8, 1645.59705
665.9, 1744.83362
666.0, 2665.21338
666.1, 2578.55542
666.2, 2529.65991
666.3, 4815.90723
666.4, 2229.08984
666.5, 1869.64575
666.6, 1757.76892
666.7, 2440.25806
666.8, 2036.36853
666.9, 1714.48279
667.0, 5148.81982
667.1, 1551.69556
667.2, 1509.16064
667.3, 1116.49683
667.4, 1188.36707
667.5, 2714.54346
667.6, 4140.83301
667.7, 2560.07935
667.8, 1150.95496
667.9, 1426.15881
668.0, 2112.69263
668.1, 1927.90576
668.2, 1697.91064
668.3, 4406.79346
668.4, 1102.34802
668.5, 861.48737
668.6, 1142.52856
668.7, 2111.15527
668.8, 1827.09290
668.9, 1550.45166
669.0, 4590.39355
669.1, 818.52319
669.2, 1233.14807
669.3, 1589.62280
669.4, 2144.41724
669.5, 1909.47168
669.6, 4548.66846
669.7, 2689.07983
669.8, 2127.31421
669.9, 1737.46973
670.0, 1530.23254
670.1, 1170.31750
670.2, 1426.85583
670.3, 4487.01025
670.4, 1053.39600
670.5, 919.44525
670.6, 1574.10498
670.7, 2540.74902
670.8, 2418.17773
670.9, 2230.40894
671.0, 4429.98975
671.1, 812.51819
671.2, 980.87628
671.3, 1997.89478
671.4, 2419.31567
671.5, 2528.78003
671.6, 2742.55713
671.7, 3746.84595
671.8, 553.57074
671.9, 496.90979
672.0, 1729.44043
672.1, 1836.80530
672.2, 1538.02576
672.3, 4705.58008
672.4, 2009.16858
672.5, 1680.50269
672.6, 1158.52136
672.7, 1182.50623
672.8, 1384.60388
672.9, 1995.23987
673.0, 4212.23779
673.1, 972.08203
673.2, 1081.41174
673.3, 2344.27930
673.4, 2885.18726
673.5, 2481.41064
673.6, 3774.28784
673.7, 3014.60352
673.8, 846.97644
673.9, 709.47430
674.0, 2708.55737
674.1, 2510.35962
674.2, 2159.44312
674.3, 4831.38818
674.4, 905.48370
674.5, 1027.55444
674.6, 1129.10742
674.7, 3263.15942
674.8, 3018.26855
674.9, 1947.14343
675.0, 4927.13818
675.1, 2448.79956
675.2, 2153.53711
675.3, 1577.13782
675.4, 5697.92383
675.5, 5227.25049
675.6, 5880.33008
675.7, 5414.96240
675.8, 5696.14941
675.9, 3135.21924
676.0, 4414.24219
676.1, 6617.45654
676.2, 5835.56104
676.3, 7026.87646
676.4, 4497.50098
676.5, 3435.78296
676.6, 2565.65894
676.7, 4999.82617
676.8, 4008.85864
676.9, 2506.37158
677.0, 5649.01904
677.1, 5658.09814
677.2, 4693.03125
677.3, 3835.00928
677.4, 2798.58911
677.5, 2768.15186
677.6, 5059.61719
677.7, 2666.67725
677.8, 1987.36890
677.9, 1488.58704
678.0, 1654.56018
678.1, 4554.23486
678.2, 3971.38525
678.3, 4716.74561
678.4, 1311.53259
678.5, 1420.02197
678.6, 4442.46387
678.7, 4945.62012
678.8, 4131.12256
678.9, 4594.65088
679.0, 4790.75586
679.1, 1402.93518
679.2, 3544.87720
679.3, 5384.28125
679.4, 5202.34033
679.5, 4690.70898
679.6, 5869.18408
679.7, 4748.86475
679.8, 3604.21411
679.9, 2641.13965
680.0, 3249.40283
680.1, 2407.82227
680.2, 2184.36060
680.3, 6053.40576
680.4, 3992.74658
680.5, 3119.51001
680.6, 1993.28210
680.7, 2665.11255
680.8, 4582.63770
680.9, 4024.02441
681.0, 6334.03076
681.1, 3090.17041
681.2, 2355.43774
681.3, 4396.19141
681.4, 3676.20312
681.5, 4905.81689
681.6, 5454.07178
681.7, 2594.50415
681.8, 3556.47681
681.9, 4921.50830
682.0, 5928.40186
682.1, 4669.26611
682.2, 3794.77539
682.3, 5824.31396
682.4, 2059.13232
682.5, 2510.49805
682.6, 3405.95850
682.7, 4139.89160
682.8, 3728.57495
682.9, 3666.55298
683.0, 6257.97266
683.1, 3606.18457
683.2, 2629.58740
683.3, 2642.83813
683.4, 3197.40723
683.5, 3410.84033
683.6, 3981.15454
683.7, 3875.37378
683.8, 1656.04883
683.9, 3496.96338
684.0, 5024.11084
684.1, 4470.80176
684.2, 5132.54980
684.3, 5337.05127
684.4, 1188.76562
684.5, 1445.90588
684.6, 5535.47559
684.7, 6373.78857
684.8, 5847.85498
684.9, 5124.63379
685.0, 5216.18848
685.1, 2855.09766
685.2, 3076.00610
685.3, 4702.07764
685.4, 4728.18359
685.5, 4104.10645
685.6, 5686.53125
685.7, 6301.35596
685.8, 3926.67090
685.9, 3319.43433
686.0, 2756.70801
686.1, 2802.10205
686.2, 4502.34473
686.3, 6207.00195
686.4, 2907.49487
686.5, 1899.94043
686.6, 3511.83008
686.7, 5402.75586
686.8, 4081.44165
686.9, 4054.92334
687.0, 4698.62207
687.1, 1346.18701
687.2, 1769.98364
687.3, 4841.05176
687.4, 4837.02734
687.5, 4146.76709
687.6, 5757.80615
687.7, 3189.16406
687.8, 2013.42053
687.9, 1901.00635
688.0, 4080.75708
688.1, 3255.85254
688.2, 2958.17456
688.3, 7154.56592
688.4, 5960.25488
688.5, 5152.03711
688.6, 4023.83301
688.7, 3071.92896
688.8, 2747.37427
688.9, 3542.54126
689.0, 4954.03711
689.1, 1667.13953
689.2, 1972.88330
689.3, 4212.11377
689.4, 4551.47852
689.5, 3382.97217
689.6, 5026.87842
689.7, 3403.99976
689.8, 1066.89905
689.9, 949.96289
690.0, 5370.36621
690.1, 5994.53955
690.2, 5469.84082
690.3, 6085.94531
690.4, 2457.12036
690.5, 2684.36035
690.6, 2296.65625
690.7, 3555.18091
690.8, 3183.17871
690.9, 2487.26855
691.0, 5408.00000
691.1, 2421.37256
691.2, 1685.63513
691.3, 1644.00073
691.4, 2194.03882
691.5, 4383.37354
691.6, 5312.36279
691.7, 2807.48169
691.8, 2561.75098
691.9, 2916.02490
692.0, 4235.76807
692.1, 3432.70728
692.2, 3072.89258
692.3, 4980.16260
692.4, 1842.18909
692.5, 1733.27466
692.6, 2835.39038
692.7, 3814.20190
692.8, 3526.42139
692.9, 2897.69678
693.0, 4872.53857
693.1, 1103.43445
693.2, 1039.10510
693.3, 3620.50073
693.4, 3608.76392
693.5, 3117.41016
693.6, 3718.77539
693.7, 4828.64111
693.8, 2540.29346
693.9, 2091.87769
694.0, 2763.29199
694.1, 2898.79932
694.2, 3790.26855
694.3, 4960.73438
694.4, 1427.42029
694.5, 2759.68213
694.6, 3755.86548
694.7, 4275.74707
694.8, 3114.60693
694.9, 2844.05957
695.0, 5239.90674
695.1, 2339.75171
695.2, 1981.57422
695.3, 4102.98242
695.4, 3987.39233
695.5, 4138.36377
695.6, 4660.17139
695.7, 2748.35522
695.8, 1290.53223
695.9, 1788.76111
696.0, 3529.12109
696.1, 2730.14990
696.2, 2463.02075
696.3, 5447.15771
696.4, 3058.57202
696.5, 2510.20947
696.6, 1998.04102
696.7, 1765.44055
696.8, 3634.04883
696.9, 3038.72314
697.0, 4593.99023
697.1, 1816.04785
697.2, 1822.93567
697.3, 3622.04492
697.4, 3232.33716
697.5, 3394.46826
697.6, 4582.38477
697.7, 1643.91541
697.8, 1642.47778
697.9, 1597.38538
698.0, 3597.06372
698.1, 3087.19360
698.2, 2651.93677
698.3, 5658.33154
698.4, 2074.64990
698.5, 2070.79028
698.6, 2693.31812
698.7, 3909.88965
698.8, 3390.02759
698.9, 3202.87280
699.0, 5875.62646
699.1, 3028.05542
699.2, 2784.99731
699.3, 2148.11987
699.4, 1579.23230
699.5, 2945.48535
699.6, 3245.83545
699.7, 3814.80786
699.8, 1251.32214
699.9, 1658.08252
700.0, 3663.82227
700.1, 2628.15454
700.2, 2151.29517
700.3, 4266.66992
700.4, 1032.05310
700.5, 1699.77466
700.6, 3291.10669
700.7, 4142.43213
700.8, 3136.70825
700.9, 3022.57300
701.0, 4542.58350
701.1, 1053.95166
701.2, 1569.75391
701.3, 3578.04785
701.4, 3715.96387
701.5, 3116.67822
701.6, 4226.88770
701.7, 4553.51562
701.8, 2698.56982
701.9, 1853.84912
702.0, 1744.11743
702.1, 1394.67529
702.2, 2065.25659
702.3, 4701.24512
702.4, 1641.65808
702.5, 1447.44690
702.6, 1713.16724
702.7, 3300.56006
702.8, 2261.07715
702.9, 1577.48291
703.0, 4522.90820
703.1, 682.90131
703.2, 985.85559
703.3, 4170.56299
703.4, 4244.88330
703.5, 3359.67896
703.6, 5368.13770
703.7, 1599.54541
703.8, 1304.63452
703.9, 1748.59998
704.0, 4158.68457
704.1, 3321.26270
704.2, 2400.46973
704.3, 4934.85742
704.4, 2771.47925
704.5, 2104.51660
704.6, 1667.55005
704.7, 1577.02832
704.8, 2506.20093
704.9, 2161.90845
705.0, 5090.31250
705.1, 1572.02795
705.2, 1376.92139
705.3, 4109.44971
705.4, 3569.66504
705.5, 3340.36304
705.6, 4259.56348
705.7, 2457.54590
705.8, 966.12183
705.9, 1770.75525
706.0, 4755.00049
706.1, 3674.38452
706.2, 3040.18970
706.3, 5003.83398
706.4, 1221.66040
706.5, 1334.64062
706.6, 2944.71680
706.7, 3588.89502
706.8, 2745.62866
706.9, 1691.48792
707.0, 6210.50439
707.1, 3963.53052
707.2, 2525.49341
707.3, 2084.63306
707.4, 3535.25513
707.5, 5676.34424
707.6, 6996.39746
707.7, 5380.86084
707.8, 2863.83936
707.9, 4893.77197
708.0, 5821.59229
708.1, 5551.25146
708.2, 4329.17627
708.3, 5033.54688
708.4, 3431.80444
708.5, 3501.15234
708.6, 3392.48145
708.7, 4043.62769
708.8, 3779.00122
708.9, 3729.01050
709.0, 4970.90771
709.1, 2163.67114
709.2, 2189.80566
709.3, 4569.71582
709.4, 5997.73096
709.5, 5224.90381
709.6, 7061.45557
709.7, 5239.24170
709.8, 4185.54541
709.9, 3466.43091
710.0, 4024.17407
710.1, 4726.69141
710.2, 4919.30371
710.3, 6033.20898
710.4, 4042.70996
710.5, 4176.69922
710.6, 3401.31519
710.7, 3647.16357
710.8, 3574.02051
710.9, 3404.22437
711.0, 5509.12744
711.1, 2769.33691
711.2, 2530.23730
711.3, 3484.03711
711.4, 2893.13550
711.5, 3055.69751
711.6, 4653.18408
711.7, 2958.91821
711.8, 1573.86035
711.9, 1615.20422
712.0, 2147.36426
712.1, 1795.38904
712.2, 1475.59009
712.3, 5961.45312
712.4, 3719.18066
712.5, 2557.42725
712.6, 1839.59631
712.7, 3163.17261
712.8, 4286.03906
712.9, 1698.15601
713.0, 6123.59814
713.1, 3837.42139
713.2, 1678.48254
713.3, 2621.15088
713.4, 2877.19971
713.5, 5206.12598
713.6, 5577.29736
713.7, 3514.38989
713.8, 3099.56201
713.9, 3505.84985
714.0, 2984.64844
714.1, 1741.78711
714.2, 1670.50708
714.3, 5074.79980
714.4, 2608.88403
714.5, 2305.78491
714.6, 4699.68408
714.7, 5282.55811
714.8, 4430.16797
714.9, 2329.21069
715.0, 6731.22314
715.1, 4677.92334
715.2, 3366.11279
715.3, 3054.10059
715.4, 2256.55176
715.5, 3405.25464
715.6, 3152.98535
715.7, 5376.65576
715.8, 1992.62512
715.9, 2306.04224
716.0, 4172.24707
716.1, 3582.02417
716.2, 3512.40698
716.3, 5510.82129
716.4, 2766.78711
716.5, 2763.65405
716.6, 4287.86768
716.7, 4862.13135
716.8, 4685.64795
716.9, 4378.67822
717.0, 5821.14648
717.1, 3230.57080
717.2, 2920.60156
717.3, 3524.03613
717.4, 2340.43555
717.5, 2143.18262
717.6, 4612.55420
717.7, 6152.74658
717.8, 4921.46289
717.9, 4395.25684
718.0, 4013.09644
718.1, 4660.93945
718.2, 7056.96729
718.3, 7150.16162
718.4, 3574.39355
718.5, 3048.44971
718.6, 4813.87646
718.7, 4785.08203
718.8, 4492.50195
718.9, 5051.38672
719.0, 5158.67969
719.1, 1819.38257
719.2, 3266.98877
719.3, 6494.69043
719.4, 5472.83984
719.5, 5324.09863
719.6, 6103.86670
719.7, 3099.82056
719.8, 3665.27124
719.9, 2239.76074
720.0, 4184.77295
720.1, 6099.47412
720.2, 5849.25830
720.3, 7263.13428
720.4, 5167.19189
720.5, 4250.35205
720.6, 3709.39771
720.7, 3675.08154
720.8, 4389.10986
720.9, 4038.40991
721.0, 4676.75635
721.1, 1112.48816
721.2, 1377.12817
721.3, 5292.28711
721.4, 6124.30762
721.5, 5130.76660
721.6, 4954.66992
721.7, 2644.80225
721.8, 3289.95776
721.9, 3915.77051
722.0, 6496.92725
722.1, 5242.37354
722.2, 4901.90332
722.3, 5549.27686
722.4, 3039.93140
722.5, 3515.36572
722.6, 3512.17261
722.7, 5271.14648
722.8, 3990.74878
722.9, 3146.41724
723.0, 6504.13574
723.1, 4051.09521
723.2, 3005.20044
723.3, 3420.74854
723.4, 3584.90332
723.5, 5018.14502
723.6, 5704.46436
723.7, 1503.88342
723.8, 2722.78027
723.9, 3442.61987
724.0, 4834.00977
724.1, 4663.55225
724.2, 3772.60864
724.3, 6448.43164
724.4, 3861.43506
724.5, 3787.27832
724.6, 4534.90039
724.7, 4954.99805
724.8, 5124.82861
724.9, 4398.97900
725.0, 5634.92871
725.1, 3288.31787
725.2, 3277.98315
725.3, 4199.85938
725.4, 4137.51221
725.5, 3835.14160
725.6, 4787.56738
725.7, 5778.97705
725.8, 3654.84033
725.9, 3106.31885
726.0, 3011.57446
726.1, 3470.58423
726.2, 4423.44238
726.3, 5288.38770
726.4, 2233.11743
726.5, 1490.47949
726.6, 3834.96680
726.7, 4868.97363
726.8, 3817.24805
726.9, 3498.52588
727.0, 5040.34961
727.1, 2052.10034
727.2, 2234.77515
727.3, 3165.16553
727.4, 3226.40430
727.5, 2629.31592
727.6, 4631.26465
727.7, 3622.57935
727.8, 1953.34424
727.9, 2406.94629
728.0, 4117.73779
728.1, 3355.30664
728.2, 2463.66260
728.3, 6502.90283
728.4, 4934.08496
728.5, 5143.41064
728.6, 4545.20410
728.7, 5184.37500
728.8, 4385.43115
728.9, 3587.43359
729.0, 6719.65576
729.1, 4008.88281
729.2, 4704.45996
729.3, 5691.87256
729.4, 5123.15625
729.5, 4199.64795
729.6, 5993.75488
729.7, 4647.38525
729.8, 3453.04102
729.9, 3410.01270
730.0, 4462.33594
730.1, 5184.52783
730.2, 5213.79004
730.3, 6359.08789
730.4, 4075.41602
730.5, 2786.58228
730.6, 4417.54297
730.7, 6106.78125
730.8, 5462.37646
730.9, 4633.81396
731.0, 7977.68213
731.1, 5099.49951
731.2, 3703.44824
731.3, 4113.10693
731.4, 4381.24316
731.5, 3561.72510
731.6, 4256.50342
731.7, 4913.16699
731.8, 3741.28442
731.9, 3590.15332
732.0, 5231.04492
732.1, 5070.80713
732.2, 3557.07129
732.3, 5847.17725
732.4, 3963.79248
732.5, 3198.30591
732.6, 3871.22974
732.7, 5643.45068
732.8, 5044.52441
732.9, 3841.05859
733.0, 5392.41016
733.1, 4652.49463
733.2, 3516.59766
733.3, 4700.85547
733.4, 5277.74805
733.5, 4038.12891
733.6, 4176.13135
733.7, 5806.17920
733.8, 4148.79834
733.9, 3615.67993
734.0, 5034.46729
734.1, 4393.06641
734.2, 4527.50195
734.3, 6291.01123
734.4, 5556.71436
734.5, 4024.10938
734.6, 3733.42554
734.7, 4896.20361
734.8, 5110.75732
734.9, 2940.94702
735.0, 6792.77100
735.1, 5180.57959
735.2, 3970.75220
735.3, 5952.54395
735.4, 5073.75830
735.5, 3908.31836
735.6, 5709.38965
735.7, 3765.46289
735.8, 3591.76733
735.9, 3685.36938
736.0, 5159.02197
736.1, 4233.75830
736.2, 2787.75366
736.3, 4759.66602
736.4, 4193.76758
736.5, 3781.16577
736.6, 3594.27271
736.7, 4649.02246
736.8, 4020.58813
736.9, 3832.12720
737.0, 5551.09863
737.1, 4052.61255
737.2, 2938.53735
737.3, 4027.99121
737.4, 4805.34424
737.5, 4291.11377
737.6, 4991.60156
737.7, 4242.76221
737.8, 3608.42627
737.9, 2750.50342
738.0, 6820.40479
738.1, 6232.48486
738.2, 5017.35938
738.3, 5645.55615
738.4, 2917.68774
738.5, 2617.09399
738.6, 4062.96753
738.7, 6771.65967
738.8, 5686.96045
738.9, 4757.66113
739.0, 7356.68945
739.1, 2574.88257
739.2, 2412.57617
739.3, 2249.82959
739.4, 2211.06689
739.5, 2160.62500
739.6, 2137.38574
739.7, 2127.67725
739.8, 2107.25098
739.9, 2058.38574
740.0, 2030.55603
740.1, 1975.52905
740.2, 1912.08411
740.3, 1850.51099
740.4, 1827.03186
740.5, 1849.39270
740.6, 1909.55725
740.7, 2016.80042
740.8, 2181.65771
740.9, 2368.30688
741.0, 2541.30835
741.1, 2659.37256
741.2, 2757.24341
741.3, 2860.77026
741.4, 2987.88062
741.5, 3091.17188
741.6, 5364.99756
741.7, 4987.74365
741.8, 3236.97290
741.9, 1621.85938
742.0, 1311.36743
742.1, 3766.94580
742.2, 6405.18652
742.3, 7420.53711
742.4, 5624.77930
742.5, 3612.32202
742.6, 4641.35596
742.7, 5580.90967
742.8, 4794.61182
742.9, 4651.94238
743.0, 4574.06738
743.1, 1293.14514
743.2, 4783.79932
743.3, 6078.31934
743.4, 5854.03320
743.5, 5401.58887
743.6, 5541.58545
743.7, 5591.68115
743.8, 3009.82983
743.9, 3562.19067
744.0, 4256.10010
744.1, 3902.80981
744.2, 3290.83691
744.3, 6259.46729
744.4, 4027.81787
744.5, 3826.13184
744.6, 3406.03296
744.7, 4061.31812
744.8, 4483.96387
744.9, 4204.44189
745.0, 5453.77197
745.1, 2529.47900
745.2, 2542.50024
745.3, 3095.46851
745.4, 4124.75684
745.5, 4618.23926
745.6, 5765.57861
745.7, 2735.73315
745.8, 2391.52734
745.9, 2449.53027
746.0, 4394.39941
746.1, 4172.18359
746.2, 3379.55518
746.3, 5308.54541
746.4, 3624.92383
746.5, 3885.11377
746.6, 3985.59668
746.7, 4298.80762
746.8, 3435.11108
746.9, 2950.94263
747.0, 5810.08594
747.1, 3338.94897
747.2, 2931.18286
747.3, 1889.60229
747.4, 2565.21851
747.5, 5925.77881
747.6, 6193.37402
747.7, 5041.66992
747.8, 3770.26147
747.9, 3018.00562
748.0, 3741.31787
748.1, 3525.95312
748.2, 3728.45093
748.3, 4657.62109
748.4, 1579.27502
748.5, 1935.68030
748.6, 3304.00903
748.7, 2820.51367
748.8, 1712.53113
748.9, 1505.96448
749.0, 4897.36133
749.1, 3171.58643
749.2, 4578.62207
749.3, 4562.74951
749.4, 3286.01538
749.5, 1292.10876
749.6, 4895.44971
749.7, 5565.02441
749.8, 3675.16064
749.9, 2003.68701
750.0, 1576.47095
750.1, 1479.74670
750.2, 2363.41797
750.3, 4765.08154
750.4, 1865.74597
750.5, 4719.65674
750.6, 4398.07129
750.7, 4169.35449
750.8, 4807.15674
750.9, 4296.06104
751.0, 5113.48584
751.1, 3221.36963
751.2, 3147.85693
751.3, 4438.77637
751.4, 4453.38916
751.5, 4380.50635
751.6, 4292.58350
751.7, 5400.60840
751.8, 4381.22607
751.9, 3644.79736
752.0, 3594.00732
752.1, 4263.64697
752.2, 4203.42725
752.3, 6560.68799
752.4, 4297.17822
752.5, 3543.37695
752.6, 2288.55029
752.7, 1873.42749
752.8, 4562.48682
752.9, 4228.27197
753.0, 5246.75098
753.1, 2836.88770
753.2, 3003.13379
753.3, 4403.64307
753.4, 4188.12158
753.5, 3919.43604
753.6, 4109.26270
753.7, 3304.18164
753.8, 1368.44849
753.9, 1617.84851
754.0, 5122.32568
754.1, 5231.53223
754.2, 4715.79541
754.3, 5196.76074
754.4, 2538.80957
754.5, 2256.41138
754.6, 2719.02515
754.7, 3180.13013
754.8, 2617.86621
754.9, 3168.14575
755.0, 6403.13574
755.1, 4731.83350
755.2, 3310.45312
755.3, 1990.07141
755.4, 1738.52917
755.5, 2204.40063
755.6, 4507.98877
755.7, 1769.66772
755.8, 1190.20544
755.9, 1754.08435
756.0, 5330.71777
756.1, 3948.02954
756.2, 2955.20190
756.3, 4245.89453
756.4, 2408.15186
756.5, 2718.93115
756.6, 3535.61768
756.7, 3913.10376
756.8, 3309.72485
756.9, 3565.63818
757.0, 6004.74561
757.1, 3809.56128
757.2, 2906.36963
757.3, 2842.42212
757.4, 3245.40234
757.5, 3035.53711
757.6, 4811.92432
757.7, 4818.53027
757.8, 3637.91357
757.9, 3031.63403
758.0, 2261.71118
758.1, 2350.58057
758.2, 3612.83350
758.3, 5369.02002
758.4, 2758.34888
758.5, 2349.29688
758.6, 3838.65576
758.7, 4754.82666
758.8, 4111.77686
758.9, 3333.34692
759.0, 4823.91357
759.1, 2072.31348
759.2, 2405.81421
759.3, 4021.53149
759.4, 4095.14038
759.5, 3656.85327
759.6, 6095.12158
759.7, 5669.85498
759.8, 2954.17529
759.9, 3606.76660
760.0, 3290.38672
760.1, 2887.07300
760.2, 1779.18054
760.3, 6640.17920
760.4, 5730.01074
760.5, 5466.60742
760.6, 4824.37061
760.7, 3989.18091
760.8, 3895.89673
760.9, 4040.31787
761.0, 5066.23584
761.1, 2358.42798
761.2, 2754.63770
761.3, 4288.75537
761.4, 4785.44189
761.5, 4669.03369
761.6, 4365.83691
761.7, 4092.90283
761.8, 2145.66553
761.9, 3109.20752
762.0, 4888.79297
762.1, 4268.34131
762.2, 4305.13770
762.3, 5026.27441
762.4, 1854.63110
762.5, 1777.69153
762.6, 3437.71729
762.7, 4434.59570
762.8, 4205.37402
762.9, 3955.61621
763.0, 6213.04688
763.1, 4332.61377
763.2, 4180.18164
763.3, 3517.90991
763.4, 3448.16699
763.5, 4027.72656
763.6, 4659.19043
763.7, 3505.85938
763.8, 1179.82446
763.9, 1325.94324
764.0, 4574.99072
764.1, 4533.33643
764.2, 4292.43164
764.3, 4940.94189
764.4, 1390.14905
764.5, 1181.96021
764.6, 3453.35132
764.7, 4934.73340
764.8, 4569.09131
764.9, 4335.89990
765.0, 4559.84277
765.1, 1384.18762
765.2, 1398.45740
765.3, 3658.87134
765.4, 3980.04956
765.5, 2958.65674
765.6, 5153.21338
765.7, 4033.31885
765.8, 3271.27393
765.9, 2713.74683
766.0, 2420.90332
766.1, 2142.41113
766.2, 4116.77881
766.3, 4911.87744
766.4, 873.82990
766.5, 973.91437
766.6, 2815.70337
766.7, 4108.21338
766.8, 3616.62939
766.9, 3251.62427
767.0, 4850.41357
767.1, 1341.14014
767.2, 1074.20435
767.3, 4789.34521
767.4, 4619.18994
767.5, 3968.46802
767.6, 5055.84766
767.7, 2961.38916
767.8, 1283.20862
767.9, 1879.28394
768.0, 3847.74927
768.1, 3622.96704
768.2, 3178.80127
768.3, 5605.39844
768.4, 3415.85278
768.5, 2923.01855
768.6, 2505.60620
768.7, 2365.43921
768.8, 6378.24902
768.9, 6065.79541
769.0, 5928.97754
769.1, 2942.09595
769.2, 3712.32593
769.3, 5637.20752
769.4, 4738.66797
769.5, 4351.51904
769.6, 4988.69824
769.7, 4537.87061
769.8, 3325.02637
769.9, 2963.89307
770.0, 4513.76904
770.1, 3972.65430
770.2, 2799.11792
770.3, 5090.97607
770.4, 4146.97705
770.5, 3659.19385
770.6, 3644.94092
770.7, 4855.63135
770.8, 4257.18066
770.9, 3462.56128
771.0, 6204.01221
771.1, 4426.52539
771.2, 4302.93457
771.3, 3913.00415
771.4, 3535.46509
771.5, 4327.66943
771.6, 5608.78809
771.7, 2777.88013
771.8, 2649.46582
771.9, 2855.65796
772.0, 3650.59058
772.1, 3451.31445
772.2, 3465.85107
772.3, 4866.12988
772.4, 1903.69226
772.5, 2303.22827
772.6, 3198.64307
772.7, 3785.20605
772.8, 3842.87891
772.9, 3545.49243
773.0, 5019.24316
773.1, 1987.71863
773.2, 2073.37573
773.3, 3066.09521
773.4, 3152.97168
773.5, 2819.43140
773.6, 5216.76904
773.7, 5207.59814
773.8, 3730.85449
773.9, 3003.33667
774.0, 2833.91040
774.1, 2689.00049
774.2, 3109.60425
774.3, 4921.35742
774.4, 2345.34619
774.5, 2271.09082
774.6, 2702.66675
774.7, 2724.08228
774.8, 2301.94922
774.9, 1880.15515
775.0, 4475.85596
775.1, 1263.33057
775.2, 1405.83362
775.3, 3426.08252
775.4, 3219.71313
775.5, 3026.65845
775.6, 5135.67578
775.7, 2569.43481
775.8, 2095.02759
775.9, 2142.41309
776.0, 3177.99976
776.1, 2885.29517
776.2, 2146.11523
776.3, 5649.38525
776.4, 2915.27759
776.5, 2520.85620
776.6, 2127.48120
776.7, 1994.44604
776.8, 3035.48828
776.9, 3352.66431
777.0, 4503.44287
777.1, 849.95764
777.2, 1295.97083
777.3, 2396.88110
777.4, 2546.20825
777.5, 2537.06763
777.6, 3174.33374
777.7, 3587.85278
777.8, 1065.97803
777.9, 2023.59167
778.0, 2912.09644
778.1, 2699.78979
778.2, 3157.07007
778.3, 4730.66357
778.4, 1279.77747
778.5, 1458.45239
778.6, 1787.10278
778.7, 2700.05688
778.8, 2286.58203
778.9, 1990.12268
779.0, 5289.43262
779.1, 2656.51758
779.2, 2754.03271
779.3, 2210.06714
779.4, 2527.55444
779.5, 3438.35815
779.6, 4438.26562
779.7, 4313.65332
779.8, 2366.17847
779.9, 3274.59253
780.0, 4887.62988
780.1, 4321.65723
780.2, 4027.32642
780.3, 5900.47510
780.4, 4038.84717
780.5, 3535.86572
780.6, 4042.63062
780.7, 5923.44336
780.8, 5010.96777
780.9, 3714.63452
781.0, 6842.56494
781.1, 3478.68433
781.2, 3179.51855
781.3, 4656.85205
781.4, 4884.26660
781.5, 3610.97656
781.6, 4987.87012
781.7, 4637.64307
781.8, 3647.18701
781.9, 3174.31812
782.0, 2887.23145
782.1, 2588.27368
782.2, 2934.52148
782.3, 5257.53906
782.4, 3062.27100
782.5, 2915.85962
782.6, 2490.12427
782.7, 3356.58203
782.8, 3149.01929
782.9, 2662.70605
783.0, 4738.99414
783.1, 2006.38818
783.2, 2014.67761
783.3, 2891.87695
783.4, 3089.01880
783.5, 3087.97632
783.6, 4643.37451
783.7, 2039.67200
783.8, 1971.23035
783.9, 2289.90967
784.0, 2739.30737
784.1, 2392.47217
784.2, 2264.23242
784.3, 5716.40576
784.4, 4103.26465
784.5, 3634.56177
784.6, 2522.51392
784.7, 1802.05249
784.8, 1850.53101
784.9, 2328.02686
785.0, 4628.83447
785.1, 1308.87756
785.2, 1344.03552
785.3, 3035.62305
785.4, 3103.88916
785.5, 2568.19727
785.6, 4123.31689
785.7, 2656.55518
785.8, 1591.02197
785.9, 1622.74988
786.0, 2755.54224
786.1, 2453.76709
786.2, 2549.57886
786.3, 4701.55566
786.4, 1045.83582
786.5, 1291.47827
786.6, 1292.62512
786.7, 3088.25952
786.8, 2480.79541
786.9, 2220.11108
787.0, 5103.15723
787.1, 2017.65491
787.2, 1645.33545
787.3, 1407.07507
787.4, 1079.22083
787.5, 1588.19861
787.6, 4432.07080
787.7, 1580.08130
787.8, 1271.77539
787.9, 1336.53052
788.0, 3473.89966
788.1, 3058.40405
788.2, 2797.08179
788.3, 4590.68555
788.4, 870.31897
788.5, 925.39484
788.6, 1747.54346
788.7, 2578.64966
788.8, 2714.16455
788.9, 2309.17090
789.0, 4550.54980
789.1, 1390.77954
789.2, 1607.73828
789.3, 2796.50586
789.4, 3051.51172
789.5, 3020.41382
789.6, 3693.15698
789.7, 4840.24072
789.8, 2586.29492
789.9, 1741.32739
790.0, 1677.37708
790.1, 1694.66565
790.2, 3490.22729
790.3, 4922.93799
790.4, 739.68719
790.5, 863.37219
790.6, 1983.30554
790.7, 3238.78003
790.8, 2748.25952
790.9, 2697.04468
791.0, 4235.74854
791.1, 937.88605
791.2, 1264.27930
791.3, 2181.95386
791.4, 2949.11841
791.5, 2857.03247
791.6, 4320.95215
791.7, 2994.18677
791.8, 1155.36353
791.9, 1420.98572
792.0, 2207.43823
792.1, 2505.37524
792.2, 2278.86914
792.3, 4951.65967
792.4, 2459.43018
792.5, 2291.94629
792.6, 1762.61938
792.7, 1690.39551
792.8, 1629.57007
792.9, 1884.28247
793.0, 4819.46826
793.1, 1674.83984
793.2, 1754.99121
793.3, 3454.08008
793.4, 3938.35205
793.5, 3674.85718
793.6, 4910.16748
793.7, 1927.02710
793.8, 1408.47949
793.9, 1532.54980
794.0, 3952.96558
794.1, 3538.48364
794.2, 3318.50366
794.3, 5337.23828
794.4, 2185.76978
794.5, 1748.18188
794.6, 1485.62671
794.7, 3146.94336
794.8, 2991.86865
794.9, 2342.74121
795.0, 5348.76318
795.1, 2959.38330
795.2, 2087.98901
795.3, 1508.70264
795.4, 1124.61047
795.5, 1954.59802
795.6, 4499.21240
795.7, 2732.82056
795.8, 1132.36694
795.9, 1525.35974
796.0, 3728.36865
796.1, 3238.57959
796.2, 2906.91113
796.3, 4683.78223
796.4, 1193.24207
796.5, 898.42212
796.6, 1918.10974
796.7, 5092.59326
796.8, 4458.29883
796.9, 3796.72485
797.0, 4707.01953
797.1, 983.78619
797.2, 1313.97461
797.3, 1443.59827
797.4, 2047.79297
797.5, 1822.47913
797.6, 4423.63721
797.7, 3561.84229
797.8, 3115.31787
797.9, 2022.37622
798.0, 1313.44580
798.1, 1128.54419
798.2, 1806.95972
798.3, 4531.13623
798.4, 976.67657
798.5, 1318.58643
798.6, 1363.57861
798.7, 2632.73975
798.8, 2142.00781
798.9, 2092.10522
799.0, 4643.37891
799.1, 1351.83667
799.2, 1469.01550
799.3, 1690.23657
799.4, 2306.89429
799.5, 2219.75269
799.6, 2890.99268
799.7, 3990.34790
799.8, 1305.16736
799.9, 1156.74707
800.0, 1904.13159
800.1, 1598.29919
800.2, 1275.78174
800.3, 5194.51123
800.4, 2210.24072
800.5, 2227.11035
800.6, 1706.83984
800.7, 1760.94751
800.8, 1938.46069
800.9, 2512.94897
801.0, 4377.85791
801.1, 1194.47437
801.2, 1302.32202
801.3, 2495.25635
801.4, 3047.13208
801.5, 2750.39722
801.6, 3804.66577
801.7, 3134.59546
801.8, 1352.53943
801.9, 1278.05164
802.0, 2662.60327
802.1, 2484.89941
802.2, 2252.58203
802.3, 4520.05957
802.4, 733.84698
802.5, 1128.66052
802.6, 1241.65137
802.7, 2431.92285
802.8, 1809.68481
802.9, 1583.64954
803.0, 4623.43359
803.1, 1287.94910
803.2, 1262.42908
803.3, 1147.65710
803.4, 1098.10681
803.5, 2307.52710
803.6, 4529.82471
803.7, 1418.02332
803.8, 1016.17841
803.9, 943.09961
804.0, 2128.72559
804.1, 2016.67590
804.2, 1798.09631
804.3, 4357.11133
804.4, 643.47974
804.5, 876.14374
804.6, 1322.00928
804.7, 2187.88037
804.8, 1802.42847
804.9, 1443.59949
805.0, 4557.07275
805.1, 957.30945
805.2, 1303.20654
805.3, 1710.49060
805.4, 2261.13574
805.5, 2264.60425
805.6, 4199.43555
805.7, 3448.72803
805.8, 2058.89185
805.9, 1794.29456
806.0, 1522.14270
806.1, 1477.26196
806.2, 1797.51318
806.3, 4281.10303
806.4, 1016.14856
806.5, 882.30389
806.6, 1460.48450
806.7, 2576.14062
806.8, 2357.02979
806.9, 2231.72876
807.0, 4449.90576
807.1, 830.59882
807.2, 1251.00769
807.3, 2156.77637
807.4, 2641.98657
807.5, 2603.42603
807.6, 4569.83008
807.7, 1358.92334
807.8, 1099.29724
807.9, 1375.95886
808.0, 1977.46704
808.1, 2056.89380
808.2, 2501.39502
808.3, 4832.42920
808.4, 2491.45215
808.5, 2096.32739
808.6, 1552.87756
808.7, 1500.79651
808.8, 1507.33289
808.9, 1631.03857
809.0, 4898.41699
809.1, 1911.89954
809.2, 1834.05579
809.3, 2446.87744
809.4, 2956.74609
809.5, 2083.26831
809.6, 3036.53320
809.7, 3877.36279
809.8, 1470.68848
809.9, 1543.81641
810.0, 2939.34131
810.1, 2711.27368
810.2, 2469.78687
810.3, 5042.54443
810.4, 2285.68140
810.5, 1738.76355
810.6, 1535.10144
810.7, 3172.94336
810.8, 2686.18408
810.9, 1818.71899
811.0, 5268.01172
811.1, 3284.92432
811.2, 2609.57520
811.3, 1518.10229
811.4, 918.18512
811.5, 1548.92810
811.6, 3599.23340
811.7, 3324.94653
811.8, 1185.15234
811.9, 1389.84375
812.0, 1764.21216
812.1, 1528.25977
812.2, 1301.26147
812.3, 4412.29004
812.4, 823.52393
812.5, 564.97241
812.6, 1201.61719
812.7, 1840.44531
812.8, 1421.65906
812.9, 1214.60059
813.0, 4311.04395
813.1, 319.37796
813.2, 328.88782
813.3, 1647.33386
813.4, 1651.09607
813.5, 1211.01868
813.6, 4345.12256
813.7, 1206.08167
813.8, 395.67468
813.9, 188.30382
814.0, 119.97949
814.1, 105.97090
814.2, 126.57632
814.3, 4205.47852
814.4, 188.57251
814.5, 49.86354
814.6, 98.27360
814.7, 66.88045
814.8, 63.33512
814.9, 42.23593
815.0, 4427.51270
815.1, 160.57953
815.2, 43.11344
815.3, 67.50508
815.4, 30.40775
815.5, 51.56500
815.6, 3703.67969
815.7, 2303.93237
815.8, 82.90969
815.9, 42.76412
816.0, 108.50187
816.1, 54.22452
816.2, 40.55143
816.3, 4258.33887
816.4, 705.43311
816.5, 69.68730
816.6, 71.05107
816.7, 88.74847
816.8, 5081.62549
816.9, 3672.15063
817.0, 5803.10498
817.1, 4183.00879
817.2, 4430.55225
817.3, 3050.65601
817.4, 681.14001
817.5, 2529.43335
817.6, 5600.20068
817.7, 3842.53320
817.8, 3907.39404
817.9, 3199.64844
818.0, 2492.96216
818.1, 1858.54248
818.2, 1731.18323
818.3, 7916.36230
818.4, 2154.81226
818.5, 1154.08899
818.6, 2302.84155
818.7, 3568.90259
818.8, 3633.03809
818.9, 2936.25415
819.0, 5453.79150
819.1, 3024.99023
819.2, 2742.20679
819.3, 2163.22583
819.4, 1310.31665
819.5, 1629.51282
819.6, 5581.27295
819.7, 4664.94678
819.8, 1178.56738
819.9, 3055.93774
820.0, 3677.44409
820.1, 3700.19482
820.2, 3729.22461
820.3, 5076.23828
820.4, 2556.36401
820.5, 2747.35815
820.6, 2506.58276
820.7, 3559.68042
820.8, 2920.32471
820.9, 2807.95923
821.0, 4739.81104
821.1, 2175.84131
821.2, 2094.22363
821.3, 2155.40503
821.4, 1952.21448
821.5, 2197.65552
821.6, 4692.16016
821.7, 5912.59033
821.8, 4246.49170
821.9, 3307.38403
822.0, 2555.03174
822.1, 2281.80859
822.2, 3490.35352
822.3, 5002.53369
822.4, 1702.61182
822.5, 1502.73096
822.6, 2217.80640
822.7, 3948.11450
822.8, 3451.42920
822.9, 2938.58740
823.0, 4768.02490
823.1, 1393.69446
823.2, 1626.28821
823.3, 2727.78833
823.4, 3116.19409
823.5, 2741.90308
823.6, 5231.33545
823.7, 2004.16638
823.8, 1680.13342
823.9, 1909.19055
824.0, 3011.51343
824.1, 3394.36963
824.2, 3568.88599
824.3, 5264.58057
824.4, 2643.09155
824.5, 2223.90503
824.6, 1815.10095
824.7, 1975.71411
824.8, 1766.45618
824.9, 1945.71350
825.0, 5076.77197
825.1, 2621.13721
825.2, 2362.75928
825.3, 3399.62256
825.4, 3167.90820
825.5, 2776.49536
825.6, 4546.15430
825.7, 2936.95068
825.8, 1487.25452
825.9, 1828.59937
826.0, 2622.99683
826.1, 2228.64380
826.2, 1757.15149
826.3, 5224.31641
826.4, 2695.15503
826.5, 2052.34521
826.6, 2456.96021
826.7, 3414.22607
826.8, 3141.35156
826.9, 2277.73364
827.0, 5558.11816
827.1, 2875.93604
827.2, 2239.75513
827.3, 2508.36719
827.4, 4909.44434
827.5, 5182.95215
827.6, 6202.91162
827.7, 3735.66699
827.8, 3062.23193
827.9, 4664.83203
828.0, 5267.35205
828.1, 4256.79199
828.2, 4066.68286
828.3, 5562.80518
828.4, 2746.05493
828.5, 2388.75439
828.6, 2449.39771
828.7, 3760.44409
828.8, 4513.98975
828.9, 4565.83887
829.0, 5848.70996
829.1, 3588.83521
829.2, 3902.95239
829.3, 3250.49658
829.4, 2369.02002
829.5, 4267.19238
829.6, 4961.63232
829.7, 5163.00977
829.8, 3658.82739
829.9, 2861.01758
830.0, 2706.23828
830.1, 2408.71777
830.2, 2909.01904
830.3, 5006.61719
830.4, 2152.61230
830.5, 2109.93530
830.6, 2995.01025
830.7, 4352.00684
830.8, 3900.29956
830.9, 3931.74365
831.0, 4206.48291
831.1, 1334.14014
831.2, 1600.87427
831.3, 3316.51538
831.4, 3708.30103
831.5, 3230.32300
831.6, 4216.43604
831.7, 3128.04004
831.8, 1060.82068
831.9, 925.42963
832.0, 2782.31714
832.1, 2991.86719
832.2, 2730.87451
832.3, 4986.34912
832.4, 2976.46021
832.5, 2220.54150
832.6, 1428.38330
832.7, 1283.41931
832.8, 1327.98230
832.9, 1856.67383
833.0, 4484.80762
833.1, 872.30408
833.2, 989.10199
833.3, 2993.28027
833.4, 3341.39429
833.5, 3119.46265
833.6, 4742.24854
833.7, 1465.57715
833.8, 866.42847
833.9, 1037.95337
834.0, 4468.06299
834.1, 4762.08691
834.2, 4088.35059
834.3, 4994.48975
834.4, 1043.93665
834.5, 1113.79773
834.6, 1076.46240
834.7, 2101.72778
834.8, 2005.40320
834.9, 1717.60071
835.0, 5549.01562
835.1, 3066.70898
835.2, 2596.50024
835.3, 1410.23462
835.4, 1029.07666
835.5, 1840.35535
835.6, 3931.13306
835.7, 2518.39673
835.8, 1099.29578
835.9, 1024.61670
836.0, 2420.15894
836.1, 2318.26953
836.2, 2097.25830
836.3, 4649.37842
836.4, 1423.90100
836.5, 1643.38037
836.6, 1185.37988
836.7, 2282.46411
836.8, 2408.58032
836.9, 1574.68689
837.0, 4791.07715
837.1, 1093.86353
837.2, 1366.84473
837.3, 1587.94763
837.4, 1700.27014
837.5, 1368.69348
837.6, 4782.86084
837.7, 2474.75342
837.8, 2158.11426
837.9, 1991.80127
838.0, 2817.91211
838.1, 4133.69727
838.2, 4808.00635
838.3, 6422.61426
838.4, 3431.24341
838.5, 3722.84766
838.6, 3493.97998
838.7, 4370.87207
838.8, 4141.83838
838.9, 2340.61938
839.0, 4906.25049
839.1, 2959.68115
839.2, 2564.80151
839.3, 2498.00806
839.4, 2875.26660
839.5, 2582.00903
839.6, 2928.49756
839.7, 3724.20093
839.8, 1629.87756
839.9, 2155.68677
840.0, 3889.51953
840.1, 3221.63501
840.2, 2227.43286
840.3, 4603.45020
840.4, 3957.84741
840.5, 3205.90259
840.6, 2132.78857
840.7, 1733.95349
840.8, 2285.40649
840.9, 2592.79004
841.0, 4304.25146
841.1, 1097.20129
841.2, 1718.21082
841.3, 2707.42920
841.4, 3899.59277
841.5, 3478.39087
841.6, 4438.41504
841.7, 3676.94751
841.8, 1032.37439
841.9, 1108.29883
842.0, 3020.96631
842.1, 3395.72314
842.2, 3148.69678
842.3, 5464.57617
842.4, 2679.20190
842.5, 3752.48071
842.6, 3589.23364
842.7, 4056.97192
842.8, 3763.23828
842.9, 3240.08813
843.0, 4478.79688
843.1, 1183.01941
843.2, 1232.01392
843.3, 1162.46545
843.4, 3598.22388
843.5, 4327.00977
843.6, 3169.17090
843.7, 5102.11426
843.8, 4231.91113
843.9, 3969.26562
844.0, 1690.85120
844.1, 3914.31128
844.2, 2843.47192
844.3, 2822.60645
844.4, 4137.67725
844.5, 3584.63013
844.6, 3464.21167
844.7, 3690.80835
844.8, 3656.57642
844.9, 3762.81519
845.0, 8141.75879
845.1, 2953.48706
845.2, 3416.27075
845.3, 3329.25757
845.4, 3172.30615
845.5, 3288.72534
845.6, 4826.63330
845.7, 3601.52393
845.8, 3186.77368
845.9, 3296.77148
846.0, 2955.02979
846.1, 2316.77954
846.2, 2399.60254
846.3, 4786.21875
846.4, 2928.95850
846.5, 2766.65234
846.6, 1984.44006
846.7, 2859.53101
846.8, 2273.85815
846.9, 2229.24731
847.0, 4787.80566
847.1, 1673.51172
847.2, 1890.91663
847.3, 2189.34497
847.4, 2693.84863
847.5, 3274.52002
847.6, 4917.01221
847.7, 3431.10547
847.8, 2389.53638
847.9, 2185.48535
848.0, 2469.27832
848.1, 2339.05933
848.2, 2159.02002
848.3, 5783.78320
848.4, 4158.92822
848.5, 3605.46631
848.6, 2454.76294
848.7, 1725.85583
848.8, 2113.24194
848.9, 2674.90039
849.0, 4900.92627
849.1, 1371.23499
849.2, 1734.37549
849.3, 2990.14624
849.4, 2987.72046
849.5, 2723.90601
849.6, 4733.61914
849.7, 1461.09229
849.8, 1201.15356
849.9, 1077.01270
850.0, 2956.76953
850.1, 2289.15747
850.2, 2188.66211
850.3, 4594.08398
850.4, 1314.64539
850.5, 1120.06592
850.6, 1323.07227
850.7, 3072.57422
850.8, 2752.89551
850.9, 2389.26245
851.0, 5264.10205
851.1, 2218.46411
851.2, 1770.24146
851.3, 1411.35364
851.4, 1227.48730
851.5, 1812.18396
851.6, 2805.59619
851.7, 3968.94263
851.8, 1218.42810
851.9, 1474.78882
852.0, 3356.65283
852.1, 2905.42969
852.2, 2926.99170
852.3, 4651.32812
852.4, 994.10980
852.5, 1054.45789
852.6, 1760.23145
852.7, 2670.98706
852.8, 2162.63086
852.9, 2201.60181
853.0, 4355.66943
853.1, 1208.65637
853.2, 1121.95044
853.3, 2591.99243
853.4, 2741.94214
853.5, 1919.02466
853.6, 3308.64844
853.7, 4182.82129
853.8, 2037.82300
853.9, 1522.39258
854.0, 1168.36084
854.1, 743.89514
854.2, 1656.35950
854.3, 4565.66846
854.4, 799.60156
854.5, 829.88556
854.6, 667.23053
854.7, 2300.32056
854.8, 2160.46973
854.9, 1673.77393
855.0, 4358.12109
855.1, 740.50854
855.2, 694.57605
855.3, 1915.44812
855.4, 2166.43311
855.5, 1885.40417
855.6, 4443.32080
855.7, 1522.11804
855.8, 1055.10132
855.9, 1201.61035
856.0, 2083.09546
856.1, 1853.07507
856.2, 1826.89392
856.3, 5589.92188
856.4, 4027.19385
856.5, 3537.88403
856.6, 2348.64526
856.7, 1494.25586
856.8, 1998.53296
856.9, 2321.86304
857.0, 4554.56836
857.1, 1044.18774
857.2, 1269.22363
857.3, 2832.44287
857.4, 3084.92090
857.5, 2993.60278
857.6, 4238.40771
857.7, 2581.53735
857.8, 1382.06726
857.9, 1062.55811
858.0, 2792.29395
858.1, 2336.46411
858.2, 1934.91064
858.3, 4839.75244
858.4, 1195.19226
858.5, 1501.37183
858.6, 1308.09546
858.7, 2916.78174
858.8, 2309.16724
858.9, 2319.56226
859.0, 5137.06445
859.1, 2078.85547
859.2, 1899.92017
859.3, 1308.96313
859.4, 1051.20679
859.5, 1794.85278
859.6, 5047.08740
859.7, 1624.82068
859.8, 1281.84546
859.9, 1643.43896
860.0, 3412.98267
860.1, 3105.80859
860.2, 2543.15210
860.3, 4654.12744
860.4, 1045.25037
860.5, 892.95294
860.6, 1766.46606
860.7, 2587.36328
860.8, 1922.18335
860.9, 1849.12671
861.0, 4620.28125
861.1, 1334.87598
861.2, 1552.45898
861.3, 2673.09717
861.4, 3025.49683
861.5, 2726.96069
861.6, 3494.33032
861.7, 4830.45312
861.8, 2399.71094
861.9, 1619.43567
862.0, 1853.50659
862.1, 1619.00452
862.2, 3262.58032
862.3, 4838.83789
862.4, 872.75897
862.5, 1075.98499
862.6, 1915.30444
862.7, 3067.11597
862.8, 2680.59985
862.9, 2236.44775
863.0, 4554.74609
863.1, 702.61652
863.2, 992.31708
863.3, 2262.56909
863.4, 2781.37646
863.5, 2791.93042
863.6, 4603.70557
863.7, 2465.37012
863.8, 1140.74084
863.9, 1070.77954
864.0, 2291.33472
864.1, 2002.82056
864.2, 1949.02014
864.3, 4921.21875
864.4, 1882.40234
864.5, 1647.86548
864.6, 1346.03882
864.7, 1464.50842
864.8, 1808.23438
864.9, 1937.17834
865.0, 4409.30420
865.1, 648.34784
865.2, 910.74573
865.3, 3306.96802
865.4, 3777.77002
865.5, 3646.88623
865.6, 5024.57520
865.7, 1173.70312
865.8, 975.28510
865.9, 1236.51843
866.0, 3883.63770
866.1, 3419.23022
866.2, 3206.89575
866.3, 4773.26270
866.4, 1188.98755
866.5, 1365.37976
866.6, 1196.63257
866.7, 3024.20483
866.8, 2512.36255
866.9, 1621.71802
867.0, 5086.05957
867.1, 2652.72827
867.2, 2214.96191
867.3, 1516.18921
867.4, 1261.00525
867.5, 1378.34021
867.6, 2933.26685
867.7, 4200.99609
867.8, 1665.34106
867.9, 1508.46265
868.0, 2121.14038
868.1, 2096.47754
868.2, 1467.97400
868.3, 4570.92334
868.4, 1534.54785
868.5, 1511.32007
868.6, 1503.95288
868.7, 2859.71753
868.8, 2817.42920
868.9, 3016.16040
869.0, 4716.74951
869.1, 2041.78418
869.2, 1857.40210
869.3, 1930.27991
869.4, 2270.61621
869.5, 1892.74915
869.6, 4412.76074
869.7, 5219.86963
869.8, 3653.65186
869.9, 2627.16846
870.0, 1740.77747
870.1, 1021.81592
870.2, 2479.93408
870.3, 4590.25586
870.4, 1041.88916
870.5, 1311.93469
870.6, 2130.51929
870.7, 3343.12573
870.8, 2926.49683
870.9, 2273.27515
871.0, 4580.30371
871.1, 930.96326
871.2, 837.25073
871.3, 2391.86597
871.4, 2304.22827
871.5, 2237.36963
871.6, 4959.62598
871.7, 1305.60657
871.8, 555.12091
871.9, 417.57812
872.0, 2596.80347
872.1, 2696.17163
872.2, 2410.60718
872.3, 5010.55713
872.4, 2040.98462
872.5, 1689.84961
872.6, 1177.63281
872.7, 1296.17517
872.8, 1374.73975
872.9, 1645.38013
873.0, 4676.12939
873.1, 1088.34814
873.2, 1334.20190
873.3, 3065.39038
873.4, 2981.80469
873.5, 3067.29590
873.6, 4195.83301
873.7, 2504.72974
873.8, 911.70807
873.9, 1052.52869
874.0, 2707.31812
874.1, 2366.98975
874.2, 1886.92395
874.3, 4893.90234
874.4, 1499.09900
874.5, 1133.98071
874.6, 1951.30542
874.7, 2924.14282
874.8, 2253.14160
874.9, 1387.81787
875.0, 5416.55469
875.1, 2288.34033
875.2, 1719.55920
875.3, 1245.88538
875.4, 936.12988
875.5, 1266.61267
875.6, 3626.65015
875.7, 3129.23999
875.8, 716.99701
875.9, 738.70563
876.0, 1939.33264
876.1, 2182.36182
876.2, 1957.70520
876.3, 4533.85498
876.4, 895.66394
876.5, 755.95245
876.6, 1083.95776
876.7, 2545.27197
876.8, 1924.14758
876.9, 1791.82104
877.0, 4518.62793
877.1, 866.42712
877.2, 1320.51733
877.3, 1712.48083
877.4, 1992.78528
877.5, 1898.60461
877.6, 4322.62891
877.7, 3204.84375
877.8, 2297.79712
877.9, 2008.37988
878.0, 1571.46838
878.1, 3397.25000
878.2, 4919.34131
878.3, 6375.82178
878.4, 4494.30029
878.5, 2565.53052
878.6, 4724.63428
878.7, 4952.00928
878.8, 3881.96191
878.9, 3374.65015
879.0, 5307.45264
879.1, 2910.41846
879.2, 2861.94434
879.3, 3619.94800
879.4, 3660.13281
879.5, 3934.24780
879.6, 5514.18115
879.7, 5070.24561
879.8, 4457.15283
879.9, 2010.61267
880.0, 3320.50439
880.1, 3705.08667
880.2, 3768.96753
880.3, 6665.62598
880.4, 5148.64014
880.5, 4122.82715
880.6, 2749.26562
880.7, 3012.33081
880.8, 4062.26611
880.9, 3245.25024
881.0, 5158.26758
881.1, 1517.81128
881.2, 3384.87378
881.3, 3812.06787
881.4, 4033.74658
881.5, 3291.49707
881.6, 4721.08643
881.7, 2373.89917
881.8, 1946.51624
881.9, 1721.78528
882.0, 3069.23438
882.1, 2617.43188
882.2, 2491.31519
882.3, 4623.18652
882.4, 1112.58398
882.5, 1221.56458
882.6, 1319.92603
882.7, 3107.83569
882.8, 2528.30688
882.9, 2270.37476
883.0, 5138.59033
883.1, 2034.44922
883.2, 1646.86267
883.3, 1400.04480
883.4, 1073.63049
883.5, 1574.03589
883.6, 2840.12891
883.7, 3895.06763
883.8, 1273.01477
883.9, 1332.46887
884.0, 3465.94067
884.1, 3054.34033
884.2, 2799.72266
884.3, 4733.02881
884.4, 760.70892
884.5, 928.26904
884.6, 1744.08875
884.7, 2568.73120
884.8, 2703.66284
884.9, 2534.84106
885.0, 4418.53076
885.1, 1365.25537
885.2, 1604.48376
885.3, 2746.68018
885.4, 2701.19946
885.5, 2244.37427
885.6, 3338.05615
885.7, 4200.86475
885.8, 2120.38940
885.9, 1632.22717
886.0, 1297.04761
886.1, 1179.59204
886.2, 1788.47681
886.3, 4601.18701
886.4, 937.20337
886.5, 882.29865
886.6, 721.77087
886.7, 2349.99805
886.8, 2137.71191
886.9, 1895.04675
887.0, 4365.54590
887.1, 833.56189
887.2, 1260.13953
887.3, 2132.29907
887.4, 2542.82373
887.5, 2326.02881
887.6, 4553.10107
887.7, 1724.17273
887.8, 1233.86560
887.9, 1450.47205
888.0, 2094.87671
888.1, 2092.91821
888.2, 2197.50073
888.3, 5671.66602
888.4, 4459.46143
888.5, 3510.96582
888.6, 2345.71436
888.7, 1724.67297
888.8, 3102.66846
888.9, 4278.27490
889.0, 5777.21680
889.1, 3049.66504
889.2, 2622.02808
889.3, 4030.30200
889.4, 3537.54663
889.5, 3788.54028
889.6, 5416.93018
889.7, 4370.71582
889.8, 3429.10693
889.9, 3778.54688
890.0, 3735.42065
890.1, 3528.40137
890.2, 4050.68677
890.3, 5662.25391
890.4, 3466.76489
890.5, 2039.81799
890.6, 1748.91748
890.7, 3800.65259
890.8, 3569.77271
890.9, 2962.95312
891.0, 5341.52002
891.1, 2644.06592
891.2, 2909.98950
891.3, 1751.06934
891.4, 2114.63696
891.5, 2575.63013
891.6, 4768.39697
891.7, 2411.41992
891.8, 1964.82605
891.9, 2011.47192
892.0, 3797.25952
892.1, 3426.12427
892.2, 2851.30273
892.3, 5075.40576
892.4, 2008.62402
892.5, 1851.51514
892.6, 2641.23169
892.7, 3004.20728
892.8, 2273.58276
892.9, 2288.27148
893.0, 4869.07275
893.1, 2179.42261
893.2, 2093.97705
893.3, 3145.02319
893.4, 3568.44214
893.5, 3152.71680
893.6, 3688.50708
893.7, 4941.39795
893.8, 2697.44141
893.9, 2011.58899
894.0, 2132.03174
894.1, 1851.42786
894.2, 3591.69946
894.3, 5047.19873
894.4, 1481.16406
894.5, 1271.49670
894.6, 2429.01440
894.7, 3241.71753
894.8, 2725.00513
894.9, 2319.19019
895.0, 4669.76611
895.1, 1057.45618
895.2, 1058.57947
895.3, 2133.26733
895.4, 2772.64111
895.5, 2631.33496
895.6, 4601.13965
895.7, 2497.09741
895.8, 728.63171
895.9, 641.26453
896.0, 2074.05249
896.1, 1994.19299
896.2, 1884.40271
896.3, 4924.77246
896.4, 1999.87048
896.5, 1527.85376
896.6, 1332.62195
896.7, 1330.03296
896.8, 1390.14685
896.9, 1651.69104
897.0, 4450.68994
897.1, 575.05627
897.2, 903.53333
897.3, 3245.58472
897.4, 3778.39551
897.5, 3710.02832
897.6, 4962.98340
897.7, 1012.22510
897.8, 757.94373
897.9, 691.57220
898.0, 3745.00122
898.1, 3461.30518
898.2, 4712.50293
898.3, 6100.38965
898.4, 3515.15967
898.5, 1085.38550
898.6, 2695.74927
898.7, 2953.43555
898.8, 3350.88574
898.9, 3083.35596
899.0, 6121.76221
899.1, 3592.97485
899.2, 3569.21582
899.3, 2849.58032
899.4, 2521.31860
899.5, 3705.73535
899.6, 4362.66260
899.7, 4316.97559
899.8, 1883.91345
899.9, 1478.51538
900.0, 3245.23535
900.1, 3129.21338
900.2, 2614.39893
900.3, 4865.40186
900.4, 2027.14270
900.5, 2226.11523
900.6, 1748.97229
900.7, 3084.90625
900.8, 2714.41504
900.9, 2756.54639
901.0, 4531.60400
901.1, 2031.29150
901.2, 2032.26904
901.3, 2219.45557
901.4, 2326.85181
901.5, 2331.18970
901.6, 4554.85889
901.7, 5425.86328
901.8, 3883.75171
901.9, 2906.26123
902.0, 2038.22144
902.1, 1687.04907
902.2, 2689.78076
902.3, 4738.06836
902.4, 1679.70483
902.5, 1753.49170
902.6, 2164.14038
902.7, 3723.67773
902.8, 3016.87378
902.9, 2365.74902
903.0, 4763.78613
903.1, 1503.75269
903.2, 1838.97937
903.3, 2666.42188
903.4, 2757.05566
903.5, 3149.51904
903.6, 5169.63135
903.7, 2017.96045
903.8, 1739.32568
903.9, 1673.98132
904.0, 2991.54321
904.1, 2939.75073
904.2, 2418.90796
904.3, 5197.97363
904.4, 2415.14038
904.5, 2355.58179
904.6, 1892.05811
904.7, 1934.38818
904.8, 1869.76440
904.9, 1793.84583
905.0, 4830.33594
905.1, 1555.28015
905.2, 1694.59241
905.3, 3115.48364
905.4, 3164.38281
905.5, 3108.90698
905.6, 4282.16699
905.7, 2667.39453
905.8, 1430.96301
905.9, 1626.91077
906.0, 2812.89258
906.1, 2874.52466
906.2, 2560.91919
906.3, 4984.36914
906.4, 1588.45801
906.5, 1609.47888
906.6, 2197.51099
906.7, 3297.52661
906.8, 3030.67725
906.9, 2412.81909
907.0, 5437.28906
907.1, 2348.01440
907.2, 1333.39941
907.3, 1692.49060
907.4, 2674.97192
907.5, 2472.52515
907.6, 4492.26221
907.7, 1388.57068
907.8, 898.86713
907.9, 1999.18909
908.0, 1114.71667
908.1, 806.15393
908.2, 1324.62524
908.3, 4347.29395
908.4, 2452.57910
908.5, 1963.50562
908.6, 1501.54517
908.7, 1678.40747
908.8, 3687.94019
908.9, 4433.84131
909.0, 6004.31738
909.1, 3442.23438
909.2, 2779.78174
909.3, 4367.78857
909.4, 4012.48218
909.5, 2854.51978
909.6, 4637.64648
909.7, 4615.65430
909.8, 2933.34253
909.9, 2616.54419
910.0, 5433.94922
910.1, 4590.00293
910.2, 3289.23633
910.3, 5519.29150
910.4, 3233.84985
910.5, 3112.71045
910.6, 2293.03345
910.7, 2749.98901
910.8, 2344.13452
910.9, 1592.98486
911.0, 5986.62256
911.1, 3696.45752
911.2, 3505.77588
911.3, 2869.72778
911.4, 2417.69971
911.5, 2223.24512
911.6, 4811.46729
911.7, 3506.69458
911.8, 2882.32593
911.9, 2672.38452
912.0, 2247.65649
912.1, 1810.82275
912.2, 1666.88770
912.3, 5056.09180
912.4, 3362.91162
912.5, 2969.20386
912.6, 2719.64868
912.7, 2526.36450
912.8, 2104.87036
912.9, 1925.86511
913.0, 4624.87500
913.1, 1401.68726
913.2, 1993.96741
913.3, 1869.07410
913.4, 1435.57751
913.5, 1514.16284
913.6, 3313.34448
913.7, 5086.56445
913.8, 2775.84717
913.9, 2431.05884
914.0, 1323.71814
914.1, 759.95862
914.2, 699.60132
914.3, 4897.47754
914.4, 2665.11548
914.5, 2207.89575
914.6, 2142.69189
914.7, 1663.50354
914.8, 1345.27686
914.9, 1086.82935
915.0, 3044.27856
915.1, 2745.93628
915.2, 2304.60278
915.3, 5395.05225
915.4, 2985.48584
915.5, 2286.37939
915.6, 1574.61047
915.7, 1755.99927
915.8, 2380.52588
915.9, 3342.08960
916.0, 4403.47266
916.1, 641.46503
916.2, 1070.86353
916.3, 2888.05273
916.4, 2849.33105
916.5, 2566.63892
916.6, 3782.28271
916.7, 3337.13330
916.8, 946.57489
916.9, 852.16614
917.0, 2717.23682
917.1, 2597.84790
917.2, 2523.72168
917.3, 4991.77930
917.4, 943.75055
917.5, 642.73004
917.6, 1093.70715
917.7, 2116.39819
917.8, 1971.55640
917.9, 1910.43250
918.0, 4961.64697
918.1, 1780.29248
918.2, 1412.77039
918.3, 1361.72009
918.4, 1185.70532
918.5, 1666.16174
918.6, 4454.13428
918.7, 1289.95081
918.8, 713.25000
918.9, 938.79523
919.0, 3882.87671
919.1, 3778.11963
919.2, 3591.23047
919.3, 4593.69482
919.4, 698.76562
919.5, 753.97308
919.6, 2254.29565
919.7, 3682.02783
919.8, 3219.54834
919.9, 2806.87085
920.0, 4637.94629
920.1, 696.48474
920.2, 1192.79529
920.3, 1794.50818
920.4, 2831.67456
920.5, 2208.29663
920.6, 3836.89551
920.7, 3744.30322
920.8, 2301.41040
920.9, 2012.08203
921.0, 1292.96545
921.1, 1113.76355
921.2, 1735.38367
921.3, 4548.84766
921.4, 1088.92004
921.5, 1327.58264
921.6, 896.67914
921.7, 2293.57300
921.8, 2163.83130
921.9, 1629.11292
922.0, 4509.48682
922.1, 1195.23352
922.2, 1315.25073
922.3, 2040.46704
922.4, 2653.36328
922.5, 2373.38477
922.6, 4589.30957
922.7, 1361.82715
922.8, 1352.93933
922.9, 1212.31946
923.0, 1929.25073
923.1, 1817.87708
923.2, 1730.25586
923.3, 5770.94287
923.4, 4082.47412
923.5, 3392.57593
923.6, 2253.15552
923.7, 1537.01294
923.8, 1515.68713
923.9, 2184.78394
924.0, 4523.63770
924.1, 843.53925
924.2, 1128.59229
924.3, 2846.46191
924.4, 3085.18994
924.5, 2521.61401
924.6, 3102.86011
924.7, 3741.89746
924.8, 1389.28601
924.9, 1310.75159
925.0, 2799.30322
925.1, 2552.34888
925.2, 2448.56372
925.3, 4965.22852
925.4, 862.58136
925.5, 1221.03052
925.6, 1268.46960
925.7, 3059.29199
925.8, 2469.46606
925.9, 2476.04907
926.0, 4893.03174
926.1, 2021.15466
926.2, 1646.80127
926.3, 1399.55823
926.4, 1075.47998
926.5, 1590.98889
926.6, 3704.25488
926.7, 3305.69141
926.8, 1264.68005
926.9, 1333.32410
927.0, 3468.10522
927.1, 3054.52563
927.2, 2789.72852
927.3, 4540.67285
927.4, 897.77802
927.5, 934.42017
927.6, 1741.02319
927.7, 2593.29419
927.8, 2714.34961
927.9, 2309.39526
928.0, 4951.08496
928.1, 1372.23792
928.2, 1606.94373
928.3, 2745.28149
928.4, 2695.45654
928.5, 2243.66968
928.6, 4289.77734
928.7, 3164.49780
928.8, 2122.89526
928.9, 1630.50256
929.0, 1296.31738
929.1, 1180.38074
929.2, 1786.80969
929.3, 4541.65381
929.4, 793.61096
929.5, 883.70752
929.6, 722.58496
929.7, 2336.58594
929.8, 2130.04272
929.9, 2259.39233
930.0, 4099.69629
930.1, 823.17926
930.2, 1257.33435
930.3, 2146.25806
930.4, 2576.99438
930.5, 2349.89624
930.6, 3874.10034
930.7, 3143.68872
930.8, 1238.94604
930.9, 1450.47937
931.0, 2103.55005
931.1, 2094.36230
931.2, 2198.29028
931.3, 5813.67432
931.4, 4481.65527
931.5, 3499.98096
931.6, 2336.91675
931.7, 1724.41956
931.8, 1775.70251
931.9, 2408.35913
932.0, 4842.84326
932.1, 1696.51196
932.2, 1763.57507
932.3, 2915.68579
932.4, 3196.59717
932.5, 2487.41919
932.6, 4750.96045
932.7, 1981.76782
932.8, 1438.92163
932.9, 1566.54639
933.0, 2868.75049
933.1, 2594.86401
933.2, 2928.04688
933.3, 5006.52344
933.4, 2311.52075
933.5, 1752.45361
933.6, 1668.27429
933.7, 3189.58203
933.8, 3131.23242
933.9, 2563.85913
934.0, 5047.87207
934.1, 2053.29932
934.2, 1902.56982
934.3, 1305.28247
934.4, 1044.68433
934.5, 1797.17151
934.6, 4168.13281
934.7, 2628.62476
934.8, 1278.86133
934.9, 1637.36694
935.0, 3408.88892
935.1, 3083.32690
935.2, 2537.15283
935.3, 4616.89502
935.4, 1145.95349
935.5, 904.24011
935.6, 1759.89685
935.7, 2571.70288
935.8, 1896.67163
935.9, 1836.09741
936.0, 4600.36182
936.1, 1072.54724
936.2, 959.20374
936.3, 2592.74683
936.4, 2930.99634
936.5, 2527.54150
936.6, 3764.16797
936.7, 3382.46191
936.8, 2664.35376
936.9, 2287.91992
937.0, 1938.37524
937.1, 2161.80396
937.2, 3476.05518
937.3, 2816.11719
937.4, 2009.20825
937.5, 2709.05933
937.6, 2444.55884
937.7, 3804.87866
937.8, 3308.89282
937.9, 2761.20874
938.0, 2058.84839
938.1, 1724.03101
938.2, 2492.82983
938.3, 2301.03979
938.4, 1930.14893
938.5, 2041.87146
938.6, 2110.90015
938.7, 2808.45093
938.8, 2464.27148
938.9, 2328.67334
939.0, 2202.15747
939.1, 1714.73169
939.2, 2523.06616
939.3, 3078.40918
939.4, 3228.75732
939.5, 2549.42065
939.6, 2324.30884
939.7, 1870.53113
939.8, 2012.23181
939.9, 2331.93384
940.0, 1981.35388
940.1, 1750.99377
940.2, 1753.33057
940.3, 2344.97363
940.4, 2546.73511
940.5, 2375.58569
940.6, 2146.28979
940.7, 1928.52393
940.8, 2085.65430
940.9, 2202.96680
941.0, 1980.94702
941.1, 1635.37280
941.2, 1960.06653
941.3, 2486.55151
941.4, 2462.74561
941.5, 2331.75659
941.6, 1828.65283
941.7, 2626.99927
941.8, 1962.27136
941.9, 1722.35400
942.0, 2829.05786
942.1, 2437.20874
942.2, 2311.10229
942.3, 1859.41174
942.4, 1545.54614
942.5, 2193.10596
942.6, 2397.28491
942.7, 1668.56726
942.8, 1716.66028
942.9, 1727.91577
943.0, 2303.72656
943.1, 2192.61938
943.2, 1958.68079
943.3, 1953.50916
943.4, 1540.81873
943.5, 1865.93359
943.6, 1925.15100
943.7, 1782.92273
943.8, 1809.08557
943.9, 1861.50439
944.0, 2833.28687
944.1, 2534.60938
944.2, 2180.67017
944.3, 1934.19971
944.4, 2145.62183
944.5, 2043.59302
944.6, 2090.26660
944.7, 2604.70508
944.8, 2266.10083
944.9, 2131.14380
945.0, 2331.50146
945.1, 2107.90771
945.2, 2435.02002
945.3, 2218.32642
945.4, 2174.17432
945.5, 1818.23621
945.6, 2060.12817
945.7, 2515.39819
945.8, 1953.24841
945.9, 1732.23645
946.0, 1464.00256
946.1, 1702.94946
946.2, 2671.42041
946.3, 1981.25500
946.4, 1738.75586
946.5, 2302.85254
946.6, 1994.90588
946.7, 2798.03662
946.8, 2323.04980
946.9, 2061.57202
947.0, 2212.77539
947.1, 2267.09351
947.2, 1863.81885
947.3, 2876.17700
947.4, 3301.73218
947.5, 2895.26514
947.6, 2419.80347
947.7, 2344.87720
947.8, 2852.80811
947.9, 3821.27197
948.0, 2942.01050
948.1, 2235.02319
948.2, 2859.23584
948.3, 2755.79907
948.4, 2951.89526
948.5, 2927.43164
948.6, 2779.91577
948.7, 2340.53320
948.8, 2245.85229
948.9, 2558.52075
949.0, 2119.91528
949.1, 2053.89795
949.2, 2330.91284
949.3, 2863.47192
949.4, 3071.18384
949.5, 2936.63062
949.6, 2625.08276
949.7, 2988.86548
949.8, 2483.36865
949.9, 2610.44653
950.0, 3200.63989
950.1, 3213.08594
950.2, 3153.29785
950.3, 2930.24170
950.4, 2644.09399
950.5, 2837.83325
950.6, 2925.64624
950.7, 2481.43384
950.8, 2104.77197
950.9, 2364.05591
951.0, 2872.98462
951.1, 2927.14771
951.2, 2392.53174
951.3, 2441.89771
951.4, 2209.24683
951.5, 3085.10913
951.6, 3224.61206
951.7, 2769.07983
951.8, 3077.75610
951.9, 2786.66870
952.0, 2906.14087
952.1, 2697.81445
952.2, 3172.85840
952.3, 2360.34790
952.4, 2687.81152
952.5, 2500.68579
952.6, 2360.62280
952.7, 2932.21509
952.8, 2382.11011
952.9, 2000.46899
953.0, 1797.52832
953.1, 1909.20776
953.2, 3021.05518
953.3, 2470.33521
953.4, 2055.15332
953.5, 2058.03345
953.6, 2565.55298
953.7, 3518.67188
953.8, 2841.15039
953.9, 2565.49512
954.0, 2439.16333
954.1, 2040.38879
954.2, 2930.66943
954.3, 2645.03784
954.4, 2086.39893
954.5, 2771.10962
954.6, 2633.21973
954.7, 2670.18970
954.8, 2246.01782
954.9, 2039.27002
955.0, 2383.43164
955.1, 2162.61450
955.2, 2523.37012
955.3, 2364.57593
955.4, 2235.82129
955.5, 2113.29810
955.6, 2231.48633
955.7, 2392.08960
955.8, 2063.31348
955.9, 1972.34460
956.0, 2283.53735
956.1, 1908.54443
956.2, 1847.05823
956.3, 2718.12939
956.4, 2259.06860
956.5, 2252.81152
956.6, 2076.10840
956.7, 1903.87927
956.8, 1986.78870
956.9, 1577.77332
957.0, 1470.91174
957.1, 1591.09314
957.2, 1953.99768
957.3, 2341.70898
957.4, 2465.86206
957.5, 2203.71289
957.6, 1833.85559
957.7, 2066.10815
957.8, 1356.74573
957.9, 1289.17773
958.0, 1695.93127
958.1, 1737.71375
958.2, 1580.24915
958.3, 1427.97327
958.4, 1257.55676
958.5, 1473.91370
958.6, 1559.64392
958.7, 1095.96118
958.8, 892.68579
958.9, 746.07751
959.0, 1321.29944
959.1, 1480.59961
959.2, 1236.33203
959.3, 1022.32104
959.4, 771.32819
959.5, 889.25189
959.6, 852.03082
959.7, 642.45343
959.8, 552.01831
959.9, 609.62115
960.0, 451.49887
960.1, 342.87463
960.2, 302.65567
960.3, 219.73102
960.4, 128.38466
960.5, 73.90897
960.6, 27.66834
960.7, 0.00000
960.8, 0.00000
960.9, 0.00000
961.0, 0.00000
961.1, 0.00000
961.2, 0.00000
